eom,market,accruals,debt_issuance,investment,low_leverage,low_risk,momentum,profit_growth,profitability,quality,seasonality,short_term_reversal,size,value
1990-01-31,-0.077717351,-0.00665757991188315,0.0065793605157933,0.00824377987698424,0.00931499063281016,0.0191950489956423,0.00243817618627678,-0.0118804689874106,-0.00418216243691625,0.00366864179156197,-0.00304990745529549,0.00246571029362655,0.00651245621410708,0.00394783593319442
1990-02-28,0.009757826,0.000109278124529486,0.00250240693998446,-0.00543688776357113,0.00808248041016909,-0.0145254950548683,-0.00188068185099162,0.0065265057758157,0.00125426475028619,0.00017902269948048,0.000772363516454456,0.00228343330310976,0.00375016960762791,-0.00230652858760355
1990-03-31,0.0186337854,-0.0127560250286389,0.00496363629632903,-0.0154499820475138,0.0170120696329898,-0.0117260153886313,-0.00372632993531767,0.00433026148566187,0.0127903481139561,0.0320379001069923,0.00182200294435304,0.00481899537904393,0.00268466061892628,-0.0147034312915458
1990-04-30,-0.03520738,-0.00983242294985516,0.00039378840166469,-0.0121035033230557,0.00851672147619633,0.00328253469214907,0.00702722392248076,0.00520284324397627,0.0129411273653701,0.023628454628015,0.00322568133926935,-0.00641464370442167,-0.00413378773577751,-0.0136844332995473
1990-05-31,0.0843197599,-0.00869689407844974,-0.000544416869847337,-0.0216979525055004,0.0157137194179452,-0.0293245067691126,0.0139824417400193,0.0108837686830936,0.0235764636533655,0.0188910413959597,-0.00724198893834171,-0.00116269334911319,-0.0294766500769804,-0.0260474248449756
1990-06-30,-0.010138931,-0.00779082670860157,0.00348591770630836,-0.00527198749207096,0.00953509139459469,0.00453670879654514,0.0168907532293546,0.00865464883099703,0.00405338956618912,0.0148412894955727,0.00371584951252684,-0.00233049101943503,0.00731107527535692,-0.010202342622323
1990-07-31,-0.016812004,0.00971657527597931,0.00981177057938485,0.0163815962330204,-0.0124454908706444,0.0297023523335249,0.0206040977649939,0.00857441457919996,0.00730540249920712,0.00809532177692923,0.00365235604546027,0.0059318946939608,-0.0246035987111456,0.0155345264050675
1990-08-31,-0.098916095,0.0110108856235804,0.00569035320001292,0.018725637877205,-0.00645571487878388,0.0291197541005563,0.00769263924140061,0.00787330455296269,0.00169296436810546,-0.0050551365712829,-0.000774516659851971,-0.0177985211007902,-0.0192176610184525,0.00690100945024648
1990-09-30,-0.060061502,-0.00838462502240576,0.00536537204742225,0.0177309933869367,-0.00846436722934347,0.0500959771989771,0.0424352403888412,0.00805505972184462,0.00623282579857417,0.0113330310028628,0.0109018457953591,-0.0115217726599482,-0.029361952864259,0.000326652030233839
1990-10-31,-0.019403882,-0.0214882824180883,0.00348674310493456,0.00558575453894162,-0.00400799228144276,0.0362765440993501,0.0455855678431354,0.00778710860656775,0.0237809124299051,0.0232878836756695,0.0139519563682618,-0.00054950445509403,-0.0346581661620639,-0.00199759399517179
1990-11-30,0.0601121553,-0.000691509500936541,-0.00548951425422944,-0.0247367021973456,0.0111880964508335,-0.0524448825873596,-0.0554593705220836,0.00581231003590116,0.0246537881797613,0.00679978954091031,-0.0150236124789022,0.00173710765656445,-0.0202135710644379,0.0144934729795406
1990-12-31,0.0235812786,0.0026079065602371,-0.0021130919719138,-0.0128901107419682,0.00532631766461247,-0.0166382873278845,-0.0205322657302161,-0.00144017565237366,0.0232829148609875,0.0188511375721869,6.47713511405778e-05,-0.00698562108507788,-0.0148605607254124,0.00786797454006014
1991-01-31,0.0451497067,0.0138221170289368,0.00801714524503937,-0.0208144963167343,0.0299722153154827,-0.0590272839088195,-0.0271448791182419,0.00187472580599299,0.0228442884769919,0.0278203468506232,0.00265332124364412,-0.00357666033477028,0.0245712410469907,0.00163798064886945
1991-02-28,0.0714876223,-0.00465854826813703,0.0084887219916294,-0.00508223449936547,0.0130146785485672,-0.0300921478157408,-0.0303600841699369,0.000897171628948798,-0.012179743522001,-0.0106601337007504,0.00384439549781784,-0.00468301164279946,0.0400999330271153,-0.00240665288144862
1991-03-31,0.024302271,0.00374709675011163,0.0123448039507509,-0.000763760487659307,0.0115164915989459,-0.0191498382333581,0.0307311513649697,0.00789323836349535,0.00370522420292901,0.0140892935415289,0.00191419964734486,-0.000247033360027396,0.0245018408197059,-0.0119857952983384
1991-04-30,-0.001756554,0.00788137706526011,-0.00397561785587252,0.00498179510327697,-0.0125540759972703,0.0111161377221949,-0.0111183927774354,-0.00629042838264725,-0.00233462909641774,-0.0144220567733687,0.00178907347941294,0.00518591212938148,0.00485882238247886,0.0147785314061994
1991-05-31,0.0365191517,-0.00820390984807166,-0.00492265199376917,-0.0075899544721974,-0.00144547429883065,-0.0207916125744972,0.00919609394253747,-0.00832558451523737,0.00307195755192377,0.00242480784435662,-0.00263444699542446,-0.00512075827039147,-0.0123546034891337,-0.00107600920080439
1991-06-30,-0.048832429,0.00438757201239864,-0.0012113399551402,0.0158686338113307,-0.00890751980328874,0.030322616459316,0.00095032863510552,-0.00120382332948927,-0.000779358134527331,0.00167289348596294,0.00156044750916141,0.00568019405856923,0.00965190683891965,0.0171390002587258
1991-07-31,0.0421715052,-0.00489304710755372,0.00310729241374458,-0.0163396833132613,0.010649297419205,-0.0214172419545754,0.0247693926573548,0.0132419069191799,0.0136303956024384,0.00494957904079156,-0.000672273147547809,0.00359903889163643,-0.0164127001974243,-0.0150277738163663
1991-08-31,0.0224965368,-0.00437869694226136,0.00222087100465319,-0.0107609660325022,0.00520045192057933,-0.0179388362791977,0.00796411412225785,0.00649963090516412,0.00898757388988129,0.00354633971293715,-0.00156585302510446,-0.0153444327719619,-0.00427579882960026,-0.00842295683533593
1991-09-30,-0.0158916,-0.0125124412993202,-1.29681207600532e-05,0.001438701705229,0.00305696028427835,0.00657633585317791,0.0154991411822167,0.0105265153617657,-0.00647433042370056,-0.00944242110644992,0.000682403993587857,0.0010517694066711,0.0100246047140846,-0.00441759353717143
1991-10-31,0.0155115086,-0.00452912263963789,-0.0014044790009675,-0.00332361842014972,0.0198847972521083,-0.00658776667643627,0.0113059880394423,0.00850809827410043,-0.00836426190321699,-0.00284239693906194,-0.00501752930266449,-0.0090769295026611,0.00868069551530962,-0.0118321583763781
1991-11-30,-0.042761804,-0.0157931539136896,-0.0052127419833907,-0.00873150017985967,-0.00131936882766469,0.0290524021110127,0.00826444703906994,0.00849915348415463,0.0132193171894174,0.0118796487873996,-0.00241889689579869,0.00326808326687176,-0.00260810808873719,-0.0028836211362967
1991-12-31,0.1044566929,-0.00806176457151531,0.0100561460389639,-0.0242953600309923,0.0180455152223718,-0.0360789713452146,0.034482318464174,0.0243720837442585,0.0430606939441878,0.0366830070078684,-0.00610912182674284,0.012102822277276,-0.0532380600524248,-0.0319714890024533
1992-01-31,-0.006241984,0.0274288030402486,0.0173184884077047,0.0227025961624952,0.0221634712998267,-0.0493662242026147,-0.0376363035659177,-0.0120554035252568,-0.038772825684839,-0.0103937081424429,0.0204293717891476,0.00777901759080558,0.0900892793266506,-0.00392419578720641
1992-02-29,0.0108250239,0.0210106896448316,0.0115239771130808,0.0211362861776374,-0.0110166781266335,-0.0139001268137636,-0.0119977324978773,-0.00247091902350065,-0.00885003553478769,-0.0071780879820352,0.00759081379690839,-0.0148432454304834,0.0172462021677541,0.0176329949221009
1992-03-31,-0.027274527,0.00333433869433521,0.00296001894628922,0.0248983276642924,-0.0294995486893377,0.0281740132933173,-0.00108019395021613,-0.00276194394743733,-0.00182207251944637,-0.00996178962432417,-0.000319565801262702,-0.00147183849350203,-0.00282674899300781,0.0351017416767076
1992-04-30,0.0097914406,0.0216565845534864,0.0016673316762448,0.0402934933430228,-0.0400448572732256,0.0477413206738878,-0.0113719798910747,-0.0126430125545823,0.0081464519963162,-0.0210966762905992,0.00263597272787806,-0.00549029522907759,-0.0289466923860326,0.0571150501580614
1992-05-31,0.0039542654,0.00139282521966943,-0.00123385141729453,0.00132532779172564,-0.00242085025404904,0.00631619177104035,-0.00736695812362407,-0.00411286370194359,-0.00257485453903536,-0.00967386898776027,0.000952279617107212,-0.00452051263824565,-0.000907939831558837,0.00819239709394314
1992-06-30,-0.022204957,0.0019127590311872,-0.00382876525014342,0.00900761582961731,-0.0231257363095397,0.0275345566305155,0.0040303289792944,-0.00393834597538786,0.00249994081176246,-0.0191675460256996,-0.000563272100167751,-0.0010569434577793,-0.0201684038424136,0.0240653477942326
1992-07-31,0.0371579528,0.00245189768619975,0.00178419558311271,-0.00369616222379934,0.0011692461736013,-0.00219471937491384,-0.00255046539267025,0.0097983690738391,0.0110017099814868,0.00725524081510183,0.000739864400868468,0.0077871009395093,-0.00901698865536504,0.00504651094027643
1992-08-31,-0.023779894,-0.00852877171020212,-0.00518236533683025,-0.000404773056602948,-0.00617026245805173,0.0235082084367225,-0.000460110747218629,-0.00394108258867787,0.0143226886451909,0.0123899927830419,-9.98433247798621e-05,-0.0114506536790821,-0.00860867489944876,0.00678367750890635
1992-09-30,0.010454729,0.00446198276460444,0.00107044091657222,-0.00554306868025465,0.00160416289523656,-0.0071147542035601,0.0125688813246911,0.00620555673259698,0.0131399724306318,0.012788582973354,-0.000290607679511824,-0.000122474367542807,-0.00561020938197458,-0.00387702709334996
1992-10-31,0.0093511196,-0.00372520666951767,0.00751654340530153,-0.0199928895548524,0.0184600632786706,-0.0315523796983842,-0.0042427380744091,0.0158905653049586,0.0133080899380635,0.0185736961644142,-0.0051501912462966,-0.00483915132599997,0.00175105746499132,-0.0179605515332817
1992-11-30,0.0389890298,-0.00398685965129782,0.000602568758361732,-0.0236309734261694,0.0168753541285305,-0.0419279661858974,-0.011145602864577,0.0125020214318515,0.00615071094242066,0.0132410433226915,-0.00617546241855225,-0.0175716712316374,0.0209175295141491,-0.0210252335521532
1992-12-31,0.0155322429,0.00276765439749201,0.00415331032824711,0.00857003514521301,-0.00116979682017513,-0.00127522940813479,0.0159772066559385,0.00311756824272966,-0.00627628020397308,-0.0143280025573052,0.000673124515461701,-0.00721282639337799,0.0161269561252623,0.00619578030500806
1993-01-31,0.0095043949,0.0104801626196056,0.0106955020563531,0.0205094567952931,-0.00614572672246148,-0.00617655975839813,0.0191201591712612,0.00649116368703477,-0.0149984545541734,-0.0204263694301395,0.00908266567816011,-0.00719183159690002,0.0216634567706289,0.00745575954073722
1993-02-28,0.0016848067,0.0184421017183245,0.00159570303231877,0.04899942991443,-0.044512398837377,0.0457068950403327,0.00378583605859781,-0.00167257912688527,-0.0164709410533214,-0.0359588829274824,0.0020785302390858,0.00155139452800523,-0.0149094631701539,0.0475955623072932
1993-03-31,0.0236526441,0.00924706094562913,0.00288855637559212,0.00245506289740989,-0.00710077417335418,-0.0037131229972327,0.0218068300299749,0.0091101153180569,-0.00174306303093628,-0.00424203575106154,0.00440859234570941,0.00141281079503046,-0.00827086059503827,-0.00244213414071304
1993-04-30,-0.028376847,0.0155344967348994,0.00452106879999002,0.0243618115754117,-0.00166594630111611,0.011283983918405,0.00135127681847152,-0.00275447030728363,-0.0243658992553083,-0.0204905453015406,0.00261423849442048,0.00452510715163517,0.010762015593148,0.0112078153903894
1993-05-31,0.0293038046,-0.00123569386057772,0.00589933031805668,-0.0220578579372386,0.0298609305181793,-0.0408727445513312,0.0017873484127354,0.00830482427180737,0.000556249567949624,0.0197821122303956,0.00710125609322975,-0.0084241741902274,0.0115329516496289,-0.0337946916095985
1993-06-30,0.0033391534,0.00348614997804594,0.00178217236734843,0.010990733248986,-0.00984367079201905,0.000694804308124086,0.0308071684786758,0.00929114487682619,-0.00136996472568528,-0.0170338577828609,0.00327179058932095,-0.00361372458125879,0.00123291942856363,0.00620377964875269
1993-07-31,-0.003833685,0.0124873337017443,0.0032381806873333,0.0152834691999204,-0.0168215783278466,0.0110234510857205,0.0229319418748268,0.00214003079526933,-0.0139671968523694,-0.0200657974521508,0.00427696444863063,-0.00535299598177934,0.00504716641644139,0.00745997929111721
1993-08-31,0.0368154177,0.000206495169204087,2.76617767799759e-06,-0.00801949346897579,0.00746242790099555,-0.0086183766915202,0.0138304608313371,0.00782211964147115,-0.00299938062601896,0.00328573355440768,0.00292950548315253,-0.00146867901238431,-0.0042579251462594,-0.0169644478909562
1993-09-30,-0.001966869,-0.00724585722696012,0.00381505679991912,-0.0180898656990362,0.0102194235363015,-0.0134801616044323,0.0213111933906988,0.0136951754449098,0.00683757016516428,0.00833953778156151,-0.00214522782291832,0.000935197864950492,0.0132235459591387,-0.0166063313827692
1993-10-31,0.0165060664,0.00779377893296463,0.0124432158299862,0.00594113555109152,0.0118136970886409,-0.0167382388006298,-0.0170636641584533,-0.00573758823950302,-0.00972493731004896,0.012377537495012,0.00443176048972251,0.00549353019976956,0.0266240521575005,-0.00781269957010104
1993-11-30,-0.019318954,0.00340671905811649,0.00743508773715076,0.00838055915993936,-0.000707726816069295,-0.000788637596112786,-0.0415412508953252,-0.00853189512356808,0.00838278630551626,0.0145661832101558,-0.0014553592107786,-0.00549980349924119,-0.0024738341428355,0.0153432339519322
1993-12-31,0.0174803823,0.00139666974704848,0.00199228288439723,-0.00556991967804573,0.00143992223978821,-0.001321370746346,0.012143429478831,0.00997835989725349,0.00525872311546557,0.00716461218131283,0.00279558142287071,-0.0023706535593637,-0.000296834708114675,-0.00367983316302082
1994-01-31,0.0290343673,0.0143872827024894,0.0160306598310354,0.0113705758809369,0.00854427493202689,-0.0162418697775989,0.000754145618281734,0.00615639719257632,-0.0058676953162033,-0.00725563715583988,0.00490968355387209,0.00491564430898602,0.0132241159790149,0.000588276806302899
1994-02-28,-0.02630768,-0.00117928138108476,0.00565734416217033,-0.00789469553074413,0.0110743709851139,-0.00554132475296049,0.00739830145309568,0.0015187242069563,0.014982689715637,0.0306687267125069,0.00461973742326008,0.00218292534091659,0.00526339171467378,-0.0013068419749514
1994-03-31,-0.048142093,0.00265807076091716,-0.0024359025548907,0.0117843684828295,-0.00776166036528219,0.0192383637789954,-0.0145941249113709,0.000480388369566251,0.00706859022491091,0.00105508150645524,-0.00478997635910699,0.000336816289995456,-0.00191652827356323,0.0175561126988613
1994-04-30,0.0077357738,0.0077087517815989,-0.00324449077851521,0.0127830129167502,-0.0160479229061645,0.0192515234492714,-0.000796091559204823,0.00413856395683393,0.00829428702483446,-0.00733887755333968,-0.000702128871559019,0.00585297452762354,-0.0138242670241185,0.0175124052245791
1994-05-31,0.0057870812,0.00595772260896125,0.000236659066558268,0.0181462983198023,-0.00457450135329091,0.00365436284838368,-0.00202609096842897,-0.0105340775206541,0.0013818871336868,-0.0134289869727366,-0.00928595915480171,-0.00120079469580125,-0.00103762595728394,0.0155662690638157
1994-06-30,-0.030733166,0.0154938321330527,-0.000168712082079663,0.0251136374379964,-0.0195925676947722,0.0287890927693505,-0.00240046704550162,-0.00701050638601586,-0.00392463211620513,-0.00522419924385143,0.000463989415904085,-0.00332725721088026,0.00156986146591956,0.0244007769401375
1994-07-31,0.0286507558,0.00560681470288896,-4.63010546297572e-05,0.00819447786047186,-0.00514905771361016,-0.00284146839023154,-0.00299895783997089,-8.65662681692403e-05,-0.00256923171688538,-0.00717645946512768,0.0020623667975063,0.00323488169641072,-0.00894490882756636,0.00564674970448057
1994-08-31,0.0398459163,-0.00142151108033311,0.00428074635836421,-0.0156163394657547,0.0274772355310201,-0.0305599811822947,0.000950774454692145,0.00753296330719103,0.00984825767749531,0.0209559580082371,-0.00195716404012394,-0.00624928280307436,0.00401406745148425,-0.0180277469695959
1994-09-30,-0.021205065,0.00318156929538056,0.00685208478149892,-0.00258990881816815,0.0190015345418812,-0.00926785684592028,0.0101496097538587,0.00178128078459764,-0.0075281587792868,0.0117392537102676,0.00819778401952275,-0.0127146464390005,0.0239268792066069,-0.020187196174044
1994-10-31,0.0117402197,0.000399091322492533,0.00406316268704195,-0.00855642079996361,0.0161391770686349,-0.0046587236907791,0.00107079320509377,0.00689981199191953,0.0149200075941294,0.0228793501431179,-0.00254514241596462,0.00585773781289849,-0.00579427165490439,-0.0054882673459005
1994-11-30,-0.042081492,-0.0116148242790769,0.00460743314933436,0.00239623481481265,0.0070627203784602,0.00462519568307635,-0.00660374813137337,0.000455374226537473,0.00493754040742726,0.00909330015644973,-0.00350231393072478,-0.00319482491884954,0.00097343650135719,0.00602804202926749
1994-12-31,0.008337559,0.00588751405230664,0.00805839089283465,0.00664127928991374,0.0014632459540066,0.00763307424754139,0.00958209226341685,0.0122636764376735,0.0125836869420148,0.00751990101184894,0.00416055416415724,0.00430512885467861,-0.00525682569693774,0.00442690525196924
1995-01-31,0.0161141745,0.0112245156447344,-0.0060980828312769,0.0143255015145979,-0.0169414302572287,0.0187178303544149,-0.0145959532064927,-0.0118732884993608,0.000896788417845189,-0.0185003418178109,-0.0100683185815102,0.00898487399377185,-0.00263236087960214,0.0287789906805169
1995-02-28,0.0362278931,0.00627620453427978,0.00281397493411956,0.000611717958143368,0.00639843648005943,-0.00433290713986807,-0.00487739547618009,0.00736212026901792,0.012479605827986,0.00423589557954655,0.00351528733353066,0.000906231909223652,-0.00397900213979139,0.0037917982588679
1995-03-31,0.0229032589,0.00739384811111095,0.00382293297327671,-0.00735745841044628,0.0166500757980995,-0.0127778670549054,-0.00385367529053966,0.00911643643351726,0.0116133290300663,0.0166975757630376,0.00504496219162214,-0.00506666510194709,-0.00576943153390947,-0.0151847298992134
1995-04-30,0.0212429557,0.00366199795007767,0.00433884265271472,0.00838772757263598,0.00876225576304094,0.000103579835100446,0.00915649044916753,1.04916325451487e-06,0.00159917090433377,-0.00466079517314785,0.00178647335492975,-0.00387301520966504,0.0173817333336511,0.0107905238092895
1995-05-31,0.0279338911,0.0057143347025495,0.00199177495325999,0.00882895568157017,-0.00568337287470192,0.00956342436282045,-0.00593274448706436,-0.0056822624225137,0.00297491697333107,-0.00774342004924992,-0.00481044131560591,0.00270649266173631,-0.006842443920385,0.0183334353313934
1995-06-30,0.0268214277,-0.0129645667988813,0.00534493728942871,-0.0323530398060739,0.0411123547152053,-0.0399914827620198,0.0143245043408389,0.0157130505379733,0.00630794832706727,0.0202060653158495,-0.00436920697688931,0.0103378903829192,0.0169631254240497,-0.0382155782055037
1995-07-31,0.0364711616,-0.00828168353305944,-0.00248955139321281,-0.0336429343525615,0.0291115204594171,-0.0388640143438285,0.0163657968058485,0.0155304293552184,0.00833054671830298,0.0178603042217664,-0.000137779387011543,-0.0177850375290864,0.00740060245490841,-0.0338050700836391
1995-08-31,0.0045326485,0.00759034093916749,0.000202266551776586,0.0105087259739465,-0.00205973942415668,0.00697472929716334,0.00140885932223974,-0.00460393649879409,-0.0104184761611529,-0.0196885847450045,-0.000574794794311141,-0.00186879243854617,0.0198053469617454,0.00788931418861903
1995-09-30,0.0325677423,0.00351326510900087,0.0045191752849749,0.00604135603193183,0.00172816632206169,0.00668098676050675,0.0157466556060139,0.000875027375068381,0.00543577722143547,-0.0016024255536817,-0.00275973812586599,0.000472051925925061,-0.00777911063078718,-0.000129852435477496
1995-10-31,-0.016228872,0.00633661349926862,0.00737886075903964,0.0151268214147133,0.000704996291196618,0.0249090083530172,0.0141760939972492,0.0132217251182952,0.0206809643563836,0.0119161861214162,-0.0010515593315545,-0.0136850406983516,-0.0289835997241983,0.00980227885682938
1995-11-30,0.0393758987,0.00251317249166324,0.00564574994867335,0.00761366570488096,-0.0038308509259174,0.000795635757039957,-0.00876062596986055,-0.0100211961329851,0.00465319717823309,-0.00437267718010644,0.000854758416215817,0.00143950077842983,-0.0137792249481894,0.00716475665695728
1995-12-31,0.0100363548,0.00784944194903697,0.00644090278156493,0.0265936787018778,-0.0178450317491057,0.0323946612984585,0.0125168581379652,-0.0119049322662242,-0.0179377652725873,-0.0200887390564724,-0.000834902476486133,0.00114491736248672,0.0114747479809944,0.00967126845736095
1996-01-31,0.0234191591,0.0125447390174279,-0.000342786470333765,0.0131204925215431,-0.0110543629065431,0.0134810272312136,-0.00415136537864119,0.0022591567433248,0.00349873499386526,-0.0125182148110745,0.00332348431834698,0.0128466483854218,-0.000557500117088594,0.0128197335617743
1996-02-29,0.0128689214,-0.00439746402545266,-0.00288564568448527,-0.0195696024611358,0.0140480822393898,-0.0185087849981195,-0.00283437626615068,0.00436398124234846,0.00693783488874343,0.0171281489220624,0.00607235728782918,0.00840598370192349,0.00643564120463119,-0.0166234526488591
1996-03-31,0.0075061298,0.00400752662976265,-0.00301911821584779,0.00617044089280409,-0.023781087737672,0.00609342533672734,-0.00758638721873848,-0.00463354450030815,-0.00314950995214782,-0.002371178448478,0.00785066799820089,-0.00172362490574668,0.000545343802479301,0.00960637000300729
1996-04-30,0.0217996349,-0.0108311427622439,-0.00050475423497452,-0.0364371695189526,0.0533421586911448,-0.0525477463756876,-0.0131240884228984,0.0104312686299465,-0.000399354400856273,0.03428379647094,0.00365822222517099,-0.00306292324978231,0.0309577114218446,-0.0497235331325897
1996-05-31,0.0232815849,-0.013237062696956,0.00303812435200654,-0.0091858257925871,0.0131666564164709,-0.0154495924403952,0.0164489135677275,0.000232288878728282,-0.0108126963414422,0.00559902418426014,0.0020579058220979,-0.00218951844293325,0.0251350656487336,-0.0211630445581752
1996-06-30,-0.012742586,0.0280365836193452,0.00360647803620407,0.0419342411896101,-0.0513449925070288,0.0533668493717807,0.00103768211216038,-0.00651500749552052,0.00744037666469966,-0.0181774201401545,0.00308454750084029,0.0125683409801039,-0.0230295537502938,0.0525153727580483
1996-07-31,-0.059654283,0.0132115700992034,0.00590186018550218,0.0349651864529347,-0.0415341823816367,0.0560163113146797,-0.00548360636552272,-6.39447736246046e-05,0.021771470399307,-0.0120055393254423,-0.00333225806900359,0.00523843819990241,-0.0189839120173865,0.0581165084220339
1996-08-31,0.0284150279,-0.00694702393917837,-0.00315032408530334,-0.0227519997885124,0.0164531603448464,-0.0234240817320567,0.00176168359662963,0.00118861332056707,-0.00236818174734449,0.00434059419556358,0.00111889567686167,0.00398252561386073,0.0076372466456048,-0.0179156789763599
1996-09-30,0.0497466966,-0.0092198969942893,-0.00136895061570808,-0.0247905962153274,0.0233794204246265,-0.0240037642508397,0.00484675741547825,0.00875236280209444,0.0203773773352821,0.0212092447614075,-0.00763040469461518,-0.00144277276958571,-0.0134748493523946,-0.022931090365912
1996-10-31,0.0095440183,0.0180725037796561,0.00914801787713667,0.0417032871987911,-0.0395272698798496,0.0478003347645751,0.030472017557029,0.00908555515895997,0.00900165849150747,-0.0227074379178134,-0.00319914271528471,0.00618041332180506,-0.0163516896197316,0.0503335590674899
1996-11-30,0.062666654,0.00690125781942295,0.00136558418943042,-0.00333828504174886,0.000918285026940092,-0.00115521195000761,-0.0123303705343773,-0.00167211917333533,0.0280135981347201,0.00662433859077804,-0.00351109995653544,-0.00790195523792942,-0.0164686410093944,0.0246265773297014
1996-12-31,-0.01703378,0.00482348340420106,0.00331485926703146,0.0106821727972937,-0.00606382886210868,0.0115594712119575,0.000301617409222809,0.00208619276784348,-0.00968844982418488,-0.00449283276457898,0.00305055353368615,0.00524352145821461,0.0260339505380931,0.0114168439630219
1997-01-31,0.0502849501,-0.0066827673397839,0.00114877960189496,-0.0110918644101524,0.0213312490557485,-0.0172454974765376,0.0102979916701368,0.00422823791463196,0.00761248126720897,0.000288615336144969,0.00115822954157813,0.0126811287794309,0.0149323333559049,-0.00492241540678986
1997-02-28,-0.00510341,0.0140587785880167,0.0049386567927433,0.0463558341128928,-0.0530564387748862,0.0577862465114071,-0.00791970187660921,-0.0178824042505822,-0.00101564941777658,-0.028833900527618,-0.00755467240319597,0.00950795669486165,-0.0116391126289369,0.061930679087177
1997-03-31,-0.049866386,0.0203930150340867,0.00638457178653611,0.0304055316539157,-0.0315105295328118,0.0311933214928437,0.00984088953460651,0.00251891476376532,0.00757363455032014,0.00472972668604748,0.00636395840871011,0.00724041617934167,-0.0151867398825302,0.0343597918284987
1997-04-30,0.0391816965,0.0109357329852436,0.00270354313578597,0.00684421139847078,-0.0201537678728639,0.00998362974477763,0.0378151309776055,0.00501413996215334,0.0358701801355038,0.0103545332981732,-0.00684188013156186,0.00724756727639345,-0.044278629317486,0.0200087511215918
1997-05-31,0.0683946295,-0.0170057108972813,-0.000435125422251155,-0.0400817165624233,0.0502965709180312,-0.0485185746706384,-0.044910674030222,0.00446585877346338,-0.0024056660664972,0.0226114525292367,0.00312380600820549,0.0126024679864828,0.0346258548740293,-0.037690932370009
1997-06-30,0.0403672379,-0.00849932720507939,-0.00205476460026384,0.00550493339221055,-0.0136816470481613,0.012812098288486,0.0108838763413699,0.00691717065376034,0.00404392959204804,-0.00231563703919244,0.0012574349086464,0.00259685488270881,0.00984720491375259,0.00761582216064118
1997-07-31,0.0731781107,0.00421350789634946,-0.00162563918407281,-0.0142205627575608,0.0160210429692303,-0.0234490849756222,0.0354132159765017,0.00845549660091849,0.0150413558368702,0.00996824873885747,-0.00819862594294949,0.0141777353299474,-0.0188116239208664,-0.00710215100021558
1997-08-31,-0.040749207,-0.00355547685661337,0.000727802242288477,-0.00804335884326316,0.022261625619821,-0.016190560638181,-0.0131737017515479,0.0050279082888327,-0.02097700569029,0.00411896391674986,0.00767126374009482,0.00217324371414282,0.0464948886430363,-0.0112797728551502
1997-09-30,0.0540385623,-0.00168423709601988,-0.00536137640143758,-0.0101691937395008,-0.000261682476989424,-0.00601965114580077,0.0149475573541202,0.00916816057901562,-0.0121859879799382,-0.0158209651903911,0.00317586307508901,-0.000232384175820702,0.0206073298855289,-0.011024602612369
1997-10-31,-0.038399193,0.00224615965286916,-0.000144389469915321,0.0159929542054469,-0.0287234789075653,0.032947173042391,-0.00633708894373544,0.0119558850052918,0.00488114832920634,-0.0130667736763832,0.00861109001163151,-0.00173317081134876,-0.00141076594814881,0.0257023882685422
1997-11-30,0.0267866131,0.000384598874426553,0.0137903581698865,0.035477352614769,-0.0325535642656543,0.0379433817439044,-0.00693482292182372,0.00166077493973971,0.0209650502516533,-0.00120475047804897,-0.0115208981616063,-0.00883171163375893,-0.0392006527009813,0.0401174769980008
1997-12-31,0.0131464156,0.00382268353092277,-0.00186877009441202,0.0190128150128805,-0.0438915829658516,0.0484086279514395,0.0340311822471231,0.00440276032185011,0.00284987518280923,-0.031230792006863,-0.00756219352948069,-0.0152987950430655,-0.0262584221293303,0.0297986630992691
1998-01-31,0.0002043687,0.00789265722062755,0.0132205028483793,0.00651554438382375,0.0155167711782262,-0.00463442079146875,-0.00972263922950563,-0.0088199745758703,0.000283713233039887,0.0135542782563222,0.00114825629976521,0.0189607925880687,0.010497337095669,-0.00177319139743197
1998-02-28,0.0713757056,-0.0106796753920406,-0.00340890684887691,-0.0204461530574711,0.0120995666675869,-0.0231023546030878,-0.00925459701204581,0.00132868595186913,0.0048563137226204,0.0123467067394708,0.00238700264312721,0.00291350696723851,-0.0052118659845296,-0.01559491858939
1998-03-31,0.0477140027,0.0111783801431536,-0.00291097232023844,0.00506990967376643,-0.0130907000549715,0.00642395446744912,0.0149457412421057,7.5170784900907e-05,-0.0051512256408704,-0.0113542085545801,0.00362844636105973,0.00847689816059005,-0.00411743315089681,0.00357808028958404
1998-04-30,0.0074957343,0.00115657354950984,0.0058682830739322,-0.00519645030907602,0.0183947256157473,-0.0176155644515277,-0.00437402205655744,0.00454299995635564,0.00567876919227971,0.00531403343634382,0.00520007785177272,0.0031934242400558,0.0108977465665471,-0.00656185915239873
1998-05-31,-0.029930342,0.0019632592051309,0.0053012053440336,0.0286990716100918,-0.031504186401166,0.0393455897673828,0.0194057829562453,-0.00661521392985245,0.00723482539185173,-0.00412480246189016,-0.00470077375926315,0.00744459013140017,-0.0177613163051083,0.0281195577435121
1998-06-30,0.0286551675,0.00480549746980419,0.00809955077878802,-0.0120811083836965,0.014127237109557,-0.00798361025597499,0.0689683411003932,0.00823418280616228,0.00511370650892724,0.00562852530395725,0.00347907255986524,-0.00902576875525819,-0.0393690515161127,-0.0289653461840074
1998-07-31,-0.02694778,0.0126538177927925,0.0110609247313786,0.0180940045716331,-0.00610773407506245,0.0185594521475952,0.0355052335021385,-0.00136281281202718,0.010956264798692,-0.00283979942479961,-0.00352387948367094,-0.00280093503197896,-0.0210991447703561,0.00207752647042023
1998-08-31,-0.163236437,0.0148293090746681,0.0231479233391684,0.0715365661965103,-0.0444603466022814,0.0962250601383708,0.0302873798003459,-0.0101922990794754,0.023680733549196,0.00682953020433089,-0.00633364839563004,-0.00329681288028273,-0.0344681646938529,0.0611865656039722
1998-09-30,0.0599654061,0.0279426508481745,0.00392435684919878,-0.015577544174651,0.0522908775660665,-0.0362213456855999,-0.00582291710750124,0.0032952757587053,-0.0119801558508004,-0.00256117708523186,0.00178848579192417,-0.00249734317547467,0.00495091902877666,-0.0317456501787972
1998-10-31,0.0728371847,-0.00373271736722824,0.00235785026715335,-0.00864758401761663,0.014483147266029,-0.0368734172250139,-0.0506132116617826,-0.00273940215476932,0.0267616496550383,0.0174264304636259,-0.011353820922366,0.0215441086288806,-0.0212181948745516,0.0115647302574144
1998-11-30,0.059806259,-0.00186630866754277,0.0120789306770189,-0.0149849276645398,0.0378690750522035,-0.0368255567987955,-0.0103916799561381,0.0106897266611846,-0.00375951900454902,0.0181812806648016,-0.00127596355611313,-0.000818579582630008,0.00671143404191361,-0.0283155850349672
1998-12-31,0.0612084244,0.00342601419731891,0.0131782478703341,-0.0436396776195417,0.0463190824696014,-0.0325404694486393,0.0736507897935401,0.026486387791125,0.00880803105183539,0.0301675055827393,0.00705444987853909,-0.00038075798782901,-0.0241432211252407,-0.0688500404045401
1999-01-31,0.035981676,0.0105462741245647,0.0100932754114343,-0.0338105218778648,0.0856635008668722,-0.083074705617607,0.0385657729246726,0.0129102233992611,-0.0308844916783925,0.00595397146378106,0.00659694419803386,-0.0293873885050742,0.0195196678578966,-0.0704579434772028
1999-02-28,-0.041994348,0.00883375640999039,-0.000425612688474688,0.0279652527166947,-0.0358928838025754,0.0353184959309683,-0.0162378036606656,-0.000932480776843471,0.018109242639144,-0.0109361718962373,-0.0043491710392806,0.00955852624996787,-0.0276445260005253,0.0343488699755551
1999-03-31,0.0346696383,0.0216879096724379,-0.00701559187877859,-0.0214292116924587,0.0341385150123471,-0.0539134817047408,0.0171549486748489,0.00047219234264169,-0.0119438752983838,-0.00919807240214211,0.00266269177297308,-0.0209064594190937,-0.0433448919758248,-0.0311575484782919
1999-04-30,0.0449377753,0.0149238982671904,-0.0170697123246902,0.0125230325339649,-0.0306613288466389,-0.00661810288918632,-0.045522011700395,-0.0166455560028823,-0.0202012215329244,-0.0265880488776765,0.00421486670371469,-0.00182597510476432,0.0174238727970505,0.0414382588239608
1999-05-31,-0.024773901,-0.00462712674676581,0.0127088762956227,0.0175834836612014,-0.00168926107462858,0.0129481740777081,-0.044524421896284,-0.0050602083005328,0.00399674872057788,0.011859940602875,0.00458841928222157,0.0100225927256319,0.0440517845651658,0.0304093218414389
1999-06-30,0.0477065509,0.00268710155371287,0.0111978648929107,-0.013331125157166,0.0519503287062321,-0.046931870998651,0.0319311822884356,0.0074980049678858,0.00382937070107509,0.0261711168828231,-0.00861109353960704,0.00316439694341032,0.0144065238175397,-0.0437537872984239
1999-07-31,-0.034599348,0.00800318589265114,0.00593916697087153,0.022821504662821,0.0104583397046082,0.0113743613832317,0.0144567175693161,-0.00694599410329221,-0.00200668943838359,0.00457373668591975,0.00369571469556131,0.00146763375633578,0.0320143882835631,0.00787397200202858
1999-08-31,-0.013543434,0.0137907006233245,0.0140246504704262,0.00310110661339514,0.0463891384959451,-0.0253891967172242,0.0311194022644812,-7.64691749752996e-05,-0.00971213346589332,0.0044371322960808,0.00646981982576239,-0.0145905337680263,-0.00566257696802978,-0.0258846714578324
1999-09-30,-0.026120775,0.00962636218757677,0.00899721491800394,-0.0156865050669791,0.0421700025052043,-0.0308295086711957,0.0360843008651914,0.0121847153910967,-0.0172329257667309,0.0106414673717631,-0.00017765519167243,-0.0127108576071027,0.0130263044273971,-0.0424015881189743
1999-10-31,0.0597711153,0.00271337683002758,0.00766220918301326,-0.0199134160407414,0.0504164205701487,-0.0305753837593541,0.0299849982926521,0.0178190840014726,0.00393948089349182,-0.00599118873780269,-0.0130922013338482,-0.00934068027566333,-0.0680820234875072,-0.050988852820872
1999-11-30,0.0341537294,0.0255888759266321,0.018407104260645,-0.0552963186315585,0.127071557363885,-0.117075527564493,0.0621862175702202,0.0244398138310385,-0.0565252888304879,0.0263910037896045,0.0054089178813409,0.0015318186616275,0.0191469829634014,-0.12766262208926
1999-12-31,0.0809599775,0.0302213682246963,0.0230651933772433,-0.0588724671719323,0.133494182947582,-0.150818211207348,0.127061594639815,0.0392174944527475,-0.0709697622014247,0.00645848262156568,0.0192824586634587,-0.0835572698438481,-0.00816035540504776,-0.149545705238117
2000-01-31,-0.044902518,0.00181825016772835,0.0132138559494553,0.00153540524698681,0.0585739650080235,-0.0254443240426436,0.0283597099133703,-0.00038672206784762,-0.0609504318494536,-0.0315855204850175,0.00137833449021372,-0.00826938950618111,0.057417639547745,-0.0542423870960187
2000-02-29,0.0280298728,-0.00382573371339443,0.066363624801611,-0.103114761467497,0.286539747634722,-0.266710407895028,0.231754269197493,0.0197170284963711,-0.147705701501825,0.0210345874988628,0.006360512020917,-0.0714653933458917,0.0316165439169556,-0.281252211470113
2000-03-31,0.0496744002,-0.0154849012582959,-0.0263579658288817,0.0466180021629481,-0.172378374338437,0.151032121500729,-0.13263758795677,-0.00498821564013675,0.163964585325123,0.0396638643393271,0.0112948597607695,0.110728376402112,0.00803023789473579,0.186853287037459
2000-04-30,-0.065326263,-0.0154663563797107,0.00234039936080927,0.0711880479205449,-0.132016376015363,0.145073999197035,-0.0757121679803823,-0.00143372708233895,0.136616198149568,0.043913150662231,-0.00230749397617643,-0.00884390311066448,0.0126546592886002,0.172376496614199
2000-05-31,-0.044271126,-0.00269841834164409,-0.00704402263364681,0.0757901935046538,-0.103267778005064,0.125455620514533,-0.0642291008948008,-0.0184811109454699,0.0765216416998943,-0.00301820554513571,0.00329950144793067,-0.00226671496724781,-0.00317606773914047,0.127141916103764
2000-06-30,0.0484273215,-0.00560149005999205,0.0349070645309584,-0.0972399324373715,0.191834973307617,-0.176580456548108,0.0495143390269779,0.0426389796621227,-0.114226339206514,-0.000356298553591893,-0.0209795221740213,0.00570022867757446,0.00844493766252729,-0.196498263863889
2000-07-31,-0.023522192,-0.00691723582792311,-0.00954888188857666,0.0380223101278406,-0.0790694198894956,0.0871852913172215,0.00183941994000095,-0.0183627131165316,0.0551095938081612,-0.00543196015950004,0.00507766013917403,0.0498000826716313,0.00691433747736037,0.0978850539132585
2000-08-31,0.0711102038,-0.0190486469697765,0.00298271308616372,-0.0300986314289729,0.0669174215984448,-0.0802785779213205,0.0403353162374679,0.0225352834557043,-0.010733666619457,-0.00374373078511193,-0.00245844441135702,0.0119893253117668,-0.0302611392761053,-0.0592064279002846
2000-09-30,-0.057195232,-0.00639075114595588,0.00363222738688233,0.0545973385347988,-0.0658253633583256,0.0816138167055626,0.0444569563318222,-0.0260456881953945,0.0352216897824715,0.000929410174774421,0.01256932249141,0.00268113488322608,-0.0102805398683114,0.0757254981272579
2000-10-31,-0.029230828,0.00275626933088259,0.0043105818057333,0.0708094998077504,-0.102699470464015,0.091248674005779,-0.0147863289595106,-0.0313445785583412,0.0926572374728235,0.044391186949977,0.00323388858021571,0.00456998099828028,-0.01767901337556,0.122171782217055
2000-11-30,-0.108463724,-0.0214998440802609,0.0126402718646524,0.14501712612716,-0.183640195837236,0.221450819272723,0.027736023150786,-0.0675393955233116,0.12301597232489,0.0366776543068517,0.0230520080053308,-0.0202851315333396,0.0151035176589464,0.210659194887546
2000-12-31,0.0155661831,0.0035631628452408,-0.00689648749908021,0.0316829216741727,-0.05153322819427,0.0390447601894692,0.0530898510201155,-0.000988227276723422,0.0242292622869712,-0.0135100015593216,0.00282202828078491,0.00734184385553129,-0.0353815289376753,0.047713625583176
2001-01-31,0.0343161098,0.00766087459807808,-0.00344744286133923,-0.06593905014264,0.0829157527425864,-0.132567811354372,-0.222364264445352,-0.0204451706187811,-0.0420491871098386,0.00448161019951532,0.0153377028994407,0.018350791262275,0.129157350405478,-0.0318903132301848
2001-02-28,-0.103808739,-0.0161485740854242,0.013202295355784,0.146179216702431,-0.175800768770533,0.196677451257347,0.167737606523552,-0.0425230030730275,0.0668054508002533,0.00166430739458886,0.0258476582138938,0.0717455958896205,0.00918833649578732,0.177062298825408
2001-03-31,-0.076071835,-0.0281054601331685,0.0102005804040906,0.0808784837987975,-0.103520683531913,0.104030768640607,0.0679864536853399,0.0127136929693198,0.0472574571850219,0.00864625674385058,0.0105891101123439,-0.0236272916513317,0.00504270126471401,0.107336168128442
2001-04-30,0.0809072951,0.0139704002075696,-0.00628501445034374,-0.086379364342384,0.104782609891716,-0.113980017211227,-0.0983271045048097,0.0198347925326271,-0.00690894235465111,0.0294364169302498,-0.00325826665507776,0.0162624891780549,-0.00778338889115214,-0.0816688648274601
2001-05-31,0.0069817788,-0.0149170986681257,0.0162615062720573,0.0428332213217193,-0.0208099157911377,0.0382921033103592,0.0325110246588936,-0.00732973595354556,-0.013306848066914,-0.00757476921403546,0.00575649803324743,0.021358139520473,0.0434339590907685,0.0232725881998843
2001-06-30,-0.021378572,-0.0215995288388961,0.0194332768514384,0.0185564374678056,0.0136383908264712,0.00239467293544501,0.0119898751688682,-0.0138050979648353,-0.00711642497025604,0.0052351119863879,0.00247629155945067,-0.0131299751675813,0.0459923698026026,0.00855813149606435
2001-07-31,-0.021619947,0.00293144651586907,0.00289485737251152,0.057451597444094,-0.0772073257673949,0.0853499592495547,0.0455409188136226,-0.00570842758678433,0.0508533771157642,0.0214944816499302,0.00817454696919391,0.015698361303597,-0.0213604110497854,0.0769469821024939
2001-08-31,-0.063400982,-0.00846922279284119,0.014064307010978,0.0612950307408724,-0.0577532520200394,0.0728789337433046,0.0565358599033855,-0.00260239626031364,0.018709139092791,0.00852083698859969,0.0190562960092705,-0.00937319099228953,-0.00178817920767328,0.056910436809743
2001-09-30,-0.095310399,-0.022059757889338,0.0117289677927437,0.0651541349473958,-0.0838880930985987,0.124053429929726,0.0741560610495067,0.0379085784236156,0.0353828142801124,-0.00527454015212786,0.0248147135620015,-0.00634543472744398,-0.0432690359709749,0.0508223534105919
2001-10-31,0.0261648026,0.012149623314282,0.012338377890173,-0.0616852200145218,0.11633915234997,-0.0943424400602282,-0.0776317680615081,-0.014136317692948,-0.0139100372626177,0.0388568774382447,-0.0147267105760878,0.0431568091846381,0.0584930205063384,-0.0517123778301357
2001-11-30,0.0777571879,0.0167496027712178,0.00435968184822651,-0.0141437183581858,0.0520597832462461,-0.0734794199313099,-0.0782940155148689,-0.0462583233102822,-0.020962349041042,0.00445063873964766,-0.00148211463455063,-0.0249935327554693,0.0258867784936016,-0.0262585767683967
2001-12-31,0.0164639222,0.000732262713764444,0.00189566864182521,-0.00193321037948919,-0.00560720787491902,-0.00337857737881138,-0.00628622423475895,0.0124846693301724,-0.000345361954779731,0.0101704348826987,0.00395323555565497,0.00125743206529307,0.0308620100879928,0.00660104603813476
2002-01-31,-0.01808547,0.000371756934979574,0.0146797630775387,0.0343775986953941,-0.021346162455977,0.0355641441677373,0.030187753182978,-0.00403170617336713,0.0335345749067333,0.0307086465707052,0.00386994699506986,0.00478186024349256,0.000888345472565567,0.0379104956314636
2002-02-28,-0.023413389,-0.0151172985258231,-0.00224466831536875,0.0356055513911712,-0.0893185660619728,0.0974296740671875,0.0337807225595463,0.0390996719812647,0.0621134679353141,0.0149439298074562,0.00605414367423051,0.0018966573112439,-0.0359901179731237,0.0817967474864251
2002-03-31,0.0436258836,0.012485355295155,0.000277925191645243,-0.00977165349418823,0.0235353510789876,-0.0406506211569938,-0.0380544747610391,-0.00880231913956402,-0.0174466340116912,-0.00642073133985836,0.00271033856886004,0.022814513800439,0.0338256714162065,-0.00765819087547144
2002-04-30,-0.052364412,-0.0157303558328991,0.00434307754338245,0.0247316790618485,-0.0690022103272828,0.079803344674033,0.0762118557146795,0.0191085844293958,0.0297329271171332,0.0144455337447737,0.0158670255774053,0.0116054799432417,0.00100841704840582,0.0549401747372276
2002-05-31,-0.01220408,-0.00309767931880677,0.0002765934932337,0.0136735955031453,-0.0327891617947929,0.0458035607487289,0.0265101480306136,0.013342585104999,0.0326509013661143,0.0117028746774738,0.00329992949662466,-0.00537440958749876,-0.023389691813651,0.0294531133372481
2002-06-30,-0.073220833,-0.0198387787176323,0.00396136226461657,0.0120278296183567,-0.0529242832409435,0.0808553722227532,0.0783232988234652,0.0145151886576348,0.0405152727401073,0.019161168067539,0.0122600743666502,-0.00243188646853402,-0.0053905433960028,0.0438217226007949
2002-07-31,-0.083566305,-0.0214628224625463,0.00220483755100647,-0.00319329662751888,-0.0112085189185239,0.0468586026740439,0.0208217920197334,0.0141142109086303,0.0381421044570864,0.0147447475297072,-0.0048704286608364,0.0032284881226987,-0.0415742395837553,0.015828450451823
2002-08-31,0.0063124176,-0.00623739126580279,-0.00245121523871881,-0.00244700857397862,-0.0242317762068458,0.0130686395542638,0.00682498960204879,0.00948785883639881,0.00770257393527557,-0.00366722607556712,0.00328955476758362,-0.00289206980151721,-0.0057730126469317,0.0165497594328768
2002-09-30,-0.103388858,-0.0151810586073534,-4.16825533873709e-06,-0.0219030746850735,-0.019679046746355,0.0487683920606909,0.072232064833966,0.0264770992887262,0.0349877868179132,0.0311485314962475,0.0111384484580689,0.00705915937411062,-0.0170687290292234,-0.00346590586191479
2002-10-31,0.0768461806,0.0201204413897647,0.00806202435132062,0.0129488367035427,0.0714879751936524,-0.0622218032297692,-0.058387191599131,-0.000859576127554814,-0.0212261255222108,0.00140043772550227,-0.0153251809122385,0.00807525902032539,0.0138807161797616,-0.0228752365741224
2002-11-30,0.0606632419,0.0409145738800144,0.0170938290485755,0.0407479533206658,0.0694399813111911,-0.119090651483413,-0.133754122592436,-0.0159787766994541,-0.0838491755844931,-0.0389757550392871,-0.00852800199458831,-0.0264930264024569,0.0845594363698153,-0.0173229222783256
2002-12-31,-0.056075241,-0.0247853575075015,-0.0119451428915602,-0.00974817960524407,-0.0569879406005103,0.0775593893320762,0.0458253896308205,0.0130453562911289,0.0386347793745036,0.00893417257220641,0.00780976840411504,0.0509327877499002,-0.0195385116585555,0.0386549077506922
2003-01-31,-0.024786478,0.000625837933778259,-0.000585327948810128,0.00151188279883209,0.0172692021240101,-0.00992780736938455,0.00581621525157763,-0.000737204783870159,-0.0104005886840116,-0.00438778246857514,-0.000859524067997554,0.000466004848890844,0.0139700667566336,-0.00769755109562253
2003-02-28,-0.017092393,0.00981400307781887,-0.00222466698765398,-0.00346484060268781,0.0139772308932707,0.00238121652881588,0.0147786050843272,-0.00539426946135318,0.00482305632190701,0.00544117957497662,-0.00197180555458901,0.0013447300248147,-0.00902156455395096,-0.0105236204457745
2003-03-31,0.0090951823,-0.00309547712775313,-0.00429174307808251,-0.0151018026306543,0.000885573382630849,-0.00112207428487578,0.00379772761037078,0.00786353217659118,0.00902369794444273,0.0140674203661898,0.0020242365294678,-0.00748503418843263,-0.00742917760892514,-0.00691708461843823
2003-04-30,0.0830647066,-0.00143084703503265,0.0105100593700196,0.0111940177108047,0.0144326310109124,-0.0497051018692367,-0.0398914989085759,-0.00894480779340663,-0.0287439056675058,-0.0254457935961529,-0.00898647518965384,0.000977011006763159,0.0406800667355015,0.000593391286466611
2003-05-31,0.0627194778,0.0218167872478091,0.010568232182921,0.00985920201253572,0.043946036456901,-0.0621023440322117,-0.0190383818763716,-0.0238341502154325,-0.0525066679447431,-0.027742489951851,-0.00288664587999277,-0.00476564023533775,0.0609998405673169,-0.0195980891143806
2003-06-30,0.0152937393,-0.0073648105930105,0.00184858403176312,-0.00844674768314651,-0.0014517193497782,-0.00488028039330241,-0.000926322054952002,0.001614227773899,-0.00390472260369277,0.00794859414139566,0.00536134134399197,0.0016836847721208,0.0200776878636766,0.000398500958387033
2003-07-31,0.0224618371,-0.000552894033805357,0.0211687254137504,0.00755655343398793,0.023801710929329,-0.0235739884641376,-0.00832421036657106,0.00311787794105499,-0.0143758860968692,0.00855394154969032,-0.00332728732454416,-0.00174490097034171,0.0361080310926104,-0.0107590849505862
2003-08-31,0.0247763563,0.0167338747458716,0.0113982830666672,0.00377486979942106,0.0231683669264559,-0.0382059757560714,0.00840314292668499,0.00169248859390575,-0.0185404957306929,0.00606239471659815,0.00337888603127161,-0.00713118885121255,0.0164743274377293,-0.0204612874497879
2003-09-30,-0.011032925,-0.00053192221567107,-0.00213165643788543,0.00300502915694568,-0.00757453485663056,0.0171406577210337,-0.00115089927403371,0.00636279225152567,-0.00294992793219842,-0.00812173396502537,0.00594727243193338,0.00767481519428171,0.0141975135350934,0.0126907553364145
2003-10-31,0.0608283827,-0.00630298472886983,0.0154069632568843,0.0107506519813829,0.0166598655414611,-0.0308443908561903,0.0317155707173821,0.0040274519635485,-0.016067747951073,-0.000521152751285961,-0.0120394279806879,0.0074624607334301,0.0195366500709138,-0.0168701390422058
2003-11-30,0.0155094682,-0.000868491030020871,0.00256238833859914,0.00566868687822839,0.00213582747084177,-0.00310978734318753,0.00803006647071957,0.0002863844198707,-0.00538767546508862,0.0037337622658152,0.00187675216392021,-0.00653445619355556,0.0144438979717775,-0.000646871427424155
2003-12-31,0.0447550403,0.00908529894921588,-0.00994425523070959,0.0108013846651744,-0.0285756111437836,0.0262908689679697,-0.0380635886891491,-0.00265454789092343,-0.00341736074973069,-0.0262520679099987,0.0111457028748836,0.000346339400257694,0.000993664459301915,0.033711574826148
2004-01-31,0.0219734233,0.0207228664732117,0.0149554412994705,0.0217082106360644,0.0269172306524442,-0.0306815972721276,0.00652845733670206,0.00346662806819709,-0.0360353531153568,-0.0140317010323342,-0.000251529679182425,0.00523228894480928,0.0378825603286044,-0.0201163969957197
2004-02-29,0.0148568781,-0.0101312845112132,-0.00951458975211218,-0.0120740634191569,-0.0250621419530714,0.0194278193124764,-0.000439851180200908,-0.0017544260892279,0.0141483743592943,0.00475005447046509,0.00650679709338022,0.00173182476265706,-0.0185463365110055,0.0216365613930174
2004-03-31,-0.013123368,-0.00695079904239928,-0.00498102533215918,-0.0126100954016293,-0.0109404442811839,0.0111994094570732,0.00426807170335581,0.00418228739351251,0.0105009990527513,0.0090083870045443,0.00368934174338487,-0.00990063816595732,-0.00196152027210872,0.00900151438250988
2004-04-30,-0.021407048,-0.00348076612725237,-0.0138956736283143,-0.0104298054169142,-0.0230049769883902,0.0423057811718205,-0.0217040024802393,-0.0112755338751385,0.0246800449567809,0.0142087025639721,0.0105645432724916,-0.00792390064046106,-0.0260982489009271,0.0247897576760034
2004-05-31,0.0125485929,0.00241396562886926,0.00999991102323378,0.00364291938428519,0.0124376148281763,-0.0179953568515937,-0.00372576688986338,0.00939940149596775,-0.000582733434479653,0.00321358688464299,-0.00605737534857036,0.0110546857216375,-0.00449448311389537,-0.00878134227567563
2004-06-30,0.0206331147,0.0125900259988746,-0.000390615686159471,0.00400966869101853,-0.0076108252988123,-0.00218786248106562,0.0228088371182705,0.00211243139807058,-0.00269682107848932,0.000862429537193048,0.00184086408334988,0.00142660187975016,0.00329862995817402,0.00601325007286543
2004-07-31,-0.039915822,0.00023701469198457,-0.0197955413959995,-0.00336957644903352,-0.0539128475121973,0.0566766966994965,0.0057776935979782,-0.0134975776521074,0.023946669905974,-0.00866008558993923,0.0113936163537036,-0.00130521232372012,-0.0277270304805777,0.0467945662424168
2004-08-31,-0.000529058,-0.013214579353938,-0.00876599068507291,0.00386266896656513,-0.0240035034022546,0.0322103562517802,-0.00676138909123452,-0.0133453589861329,0.00801834492220228,-0.0150145976414812,-0.000252251724253051,-0.0080229771948634,-0.010892479761652,0.0231002924414977
2004-09-30,0.0197287432,0.0120519020900141,-0.00566747988635691,-0.0191714026235948,0.0133793812970753,-0.0286722341298021,0.0260888987617185,0.012088194127051,-0.00475684426406541,0.00572049848511342,0.00232919803839097,0.00489764931390951,0.0106283585959972,-0.0180802201763797
2004-10-31,0.0159916905,0.0099652841637767,0.00832050215330066,0.00393222145453361,0.0117957273906652,-0.0158903330159987,-0.0130637797347488,0.00605992187830343,0.000272744578116759,0.00452019297890977,0.00113287755451978,-0.00541045585405358,0.00565411513521818,-0.00577691664377933
2004-11-30,0.0471886675,0.00504154275459949,0.00313583981351546,-0.00552800296051864,-0.000406437092467812,-0.0230918388497745,0.0144073217142869,0.00744213487571106,-0.016006963650438,-0.00609932447383434,0.00449160908124788,0.0079153799756111,0.020813033563434,-2.84399828710042e-05
2004-12-31,0.0331571421,-0.0114723060831087,0.00427090156971834,0.000695710560674604,0.00810562625881089,-0.00915289784428825,-0.02190851888366,-0.00609470882912206,-0.00790363974152268,0.000534089192419525,0.00109488289033738,0.000790248883231366,0.00619687877739463,7.28170706442589e-05
2005-01-31,-0.027810242,-0.00875621655281596,-0.00884670931751126,-0.00444310655684612,-0.0239384814628335,0.0204246131006824,0.0211342685615691,-0.000907558196402715,0.0145871295656025,0.00940606494005326,0.0060598194238636,0.00864181827951954,-0.0240913210025463,0.0176857030031953
2005-02-28,0.0213338485,0.00383474033117379,-0.00992947721478156,-0.0116661798128336,-0.0106972263757267,-0.00422851421155928,0.0238298075528479,0.0195000928368688,0.0138967110059642,0.0118393715199102,0.0159728294018194,-0.0015503244494632,-0.0130817579552091,0.00804687766981842
2005-03-31,-0.018438522,0.00587340844342428,0.000947258121584196,0.00940776803993522,-0.0163661597250593,0.0229073886176544,0.00740670721078872,-0.00612732311463108,0.00787808279145885,0.00458633321282742,0.00713345252761748,0.00147852020095504,-0.0191825801664877,0.0180831284082359
2005-04-30,-0.029213551,0.00270300516165973,-0.00404048635749331,0.00916873643330432,-0.0127870109516867,0.032384329092831,-0.00246364351364977,-0.00675483637983139,0.00641829595848458,-0.00575184090780534,-0.00252026174063342,-0.000343489173798691,-0.0173326768453966,0.0128448642841407
2005-05-31,0.0357894462,0.00369900334206178,0.00593930394849848,-0.0114295756180001,0.0219164431526454,-0.0324597160666913,-0.000982732978569017,0.00749173923998988,-0.00164804777903094,0.0131414324414848,-0.00355832216006396,0.00931598922306779,0.0126341959979983,-0.0153563225502425
2005-06-30,0.0081749804,0.00698508003274244,-0.0082318303099893,-0.00584948657507017,-0.0112913583714092,-0.00828387944124706,0.0195766944232808,0.00516687053906819,-0.00852685579517998,-0.0121698749275696,0.00705961671212687,0.00333280579418567,0.0132875619174351,0.00242476317473091
2005-07-31,0.0407948772,-0.00253629276032532,0.000169570316073261,-0.0164311285973322,0.0181636225529049,-0.0282105104804134,-0.00466160007616762,0.016187814818738,0.00102875778107443,0.01040667414834,-0.00170419471821401,0.00367675891274051,0.0154061448844294,-0.0134565586002411
2005-08-31,-0.008152551,0.0113185099589179,-0.00505923168908289,-0.00454947398830721,0.0058159952520075,-0.00450440178357872,0.0202157980521071,0.00303257620541818,-0.000206505179371817,-0.00405365487803243,0.0112537796072724,-0.00478854927140203,0.00115804904059803,-0.00577540239698548
2005-09-30,0.0080058327,0.00916456078528156,-0.000824451265426307,-0.00982118725973849,0.00500454713148694,-0.0151098871025209,0.0284426635423908,0.0120622345610753,0.00466214453006871,-0.00247817193622124,0.00782537796627042,-0.0124865600952452,-0.00125649392487098,-0.0103626811480686
2005-10-31,-0.023277725,-0.00477494559341746,0.00879571918965067,0.00594543427325083,-0.00357215805091984,0.0172405879086036,-0.0227375021846076,0.0027649489891036,0.00989975931794461,0.00267171478914353,-0.00252229882222619,-0.00171799056626876,-0.00919111352926534,0.00811547641316703
2005-11-30,0.0376672019,0.000404357368164055,2.92395715221425e-05,-0.0082964703545226,0.0114456725964718,-0.0141084836544526,-0.00223704440345294,0.000762033935081998,0.0037724725071583,0.00886921188800104,-0.0042022445849173,0.00138055383497942,-0.000204283542836321,-0.0072740441252424
2005-12-31,0.000170991,0.00648256013729057,-0.00215120351883288,-0.00518907997186805,-0.000795832980334704,-0.00585890908438142,0.00792636417793765,0.00425994598228222,-0.00341737204010305,-0.00147546241586063,0.004718128356582,0.00602195372074932,-0.0027712699285124,-0.004076160139773
2006-01-31,0.0357485253,0.00716787149731371,-0.00424174566466397,-0.0249107816210148,0.028045029962426,-0.0543392881571457,0.0337840584935638,0.0111086928971884,-0.00450052369388591,0.00876148575908158,0.00677665868587516,-0.000243116714930964,0.0259199461769726,-0.0311313631893135
2006-02-28,-0.005387078,-0.00293843378070947,0.00701873414840071,0.0234830608813671,-0.0115727651242059,0.0283908260271105,-0.020133893290076,-0.0162599370721576,-0.0109271570547091,-0.0125735200602282,-0.00605713986633535,0.00899572016416055,0.0100070563350524,0.0176078110994444
2006-03-31,0.0153096341,0.000163166359474223,-0.000158625368948821,-0.0108551351901675,0.0100158978510151,-0.0241046245090668,0.0185812581543171,0.00514963811076838,-0.000201104211127937,0.012734781550823,0.00572409018179321,-0.00265903387920919,0.0103314371283726,-0.011492397135942
2006-04-30,0.0104512878,-0.00268353166158732,-0.00718807575046994,-0.00614652557105123,-0.0120668281118943,-0.00499502069317237,0.0113325842747377,0.00324090482746081,0.00577513695349234,-0.00612641293495727,0.00582636416706388,0.00203066145951523,-0.0102422498524666,0.00619693305513651
2006-05-31,-0.035329873,-0.00548948541287463,0.00226293254105146,0.0180053364223579,-0.0323401888348615,0.0376625709066109,-0.0164793112479765,-0.0104691144788252,9.36386016346714e-05,-0.0142237402812086,0.00492497868857047,-0.00325354881955947,-0.0147700663211151,0.0291565875406402
2006-06-30,-0.005416497,-0.000510775604520966,0.00313494420538871,-0.00381073905319227,-0.00572335334420739,0.00366080439869962,0.00864777329765527,0.00704977221924461,0.0120620000385137,0.00610553067489242,0.00408814874647787,-0.00131290994508742,-0.0142590178888198,0.00839772768756378
2006-07-31,-0.007300067,0.000907147790175846,-0.00454217155348016,0.0121067890465566,-0.0195661940505069,0.0416261511649264,-0.00557963392308406,-0.00596771241029352,0.00751560760756348,-0.0152149512407838,0.00967134760831283,0.00766463834148949,-0.00901145334189961,0.0243087002363256
2006-08-31,0.0205183398,0.0100376290779683,0.00620500556572024,0.0133589921275132,0.0116711572717992,0.00200071530887261,-0.0309234028636013,-0.0152208123439568,-0.0145800966858155,-0.00422302132783125,-0.0054419127966922,0.0101016114745374,0.0213024644183839,-0.00141224472259921
2006-09-30,0.0159587403,-0.00400741971078818,0.00675108159052839,0.0115848500321952,-0.00130784960594921,0.00235014954380813,-0.0127526180697376,-0.0129394986714675,0.00422180690149924,0.00763751060053105,-0.00893255753388382,-0.00405188661584918,-0.0079198803295597,0.0107773918955945
2006-10-31,0.0326186888,-0.00201497856131925,0.0017242999622075,-0.00519345559126864,0.00167899087112356,-0.0163304949124674,-0.0100532392569275,-6.09122576840573e-05,-0.00333658426863117,0.00311825363368078,0.00162864538449064,0.00147882940919858,0.0102767431508752,-0.0016995246424367
2006-11-30,0.0191795077,-0.00182817821974441,-0.00554685995111779,-0.0150994672064648,0.00759431225375999,-0.0248702461296142,-0.0192341538739501,0.00402729737574831,-0.00177276700276029,-0.00093083038499236,-0.000911812193894271,-0.00492337202502933,-0.00129747831794838,-0.00808891017944768
2006-12-31,0.0072043259,-0.000100409694480088,0.00157696864818103,0.0210652519577254,-0.0180004463343797,0.0247162710660509,0.0115101965380029,-0.00663781029888268,-0.0110522708265472,-0.0157852503192637,-0.00190047609464811,0.0103330759976825,0.00412860276817058,0.0136346712618254
2007-01-31,0.0136755186,0.00778881685568075,0.00225864104751899,-0.00338661572604757,0.00031670169740225,-0.00992690447417312,0.00102566506528986,0.00319693086793589,0.00381685474682996,0.0102522541485998,0.00561289195046206,0.00279864766731942,-0.0107571166508117,-0.00233950029193867
2007-02-28,-0.017942489,0.000550683531499085,0.00314919703492444,0.00173862684390079,-0.0044236895574229,0.000484552464909226,-0.00409027785467995,-0.00161899816221067,-0.00679700217486359,-0.000587954653024595,0.00124474474942184,0.000313466071217256,0.00118726156458998,0.00297438635162493
2007-03-31,0.0094130894,-0.000434041616486225,0.0022323193620758,-0.00240166813102411,-0.00343201601959366,0.00373300874326986,0.0115046981379618,0.00533248826359456,0.00676425856570071,0.00781865113664474,0.00906674230923317,-0.00467045087111555,-0.00541421554420227,0.00191435715342314
2007-04-30,0.0368740574,-0.00135374004147783,-0.00248936613544312,-0.00351704566764499,0.00486849766814088,-0.00719678953736163,-0.00229279751199386,-0.000217223948498546,0.00783735496910888,0.00540571818134403,0.00174628934630088,-0.00529580648339852,-0.00572707240717387,0.00605964765594906
2007-05-31,0.0363017255,0.00236910463738617,0.00142409443871747,-0.00737370081945307,-0.00356495260883766,-0.0106928050293646,0.0052074095149962,0.00180745721083624,0.00939278129174792,0.00748823193785805,0.0023702591388757,-0.00146641781730262,-0.00906924379817333,0.000912281649065031
2007-06-30,-0.017308431,0.00211311854795799,0.00212919920664335,-0.00655288086046177,0.0120108895113931,-0.00748091467079732,0.00759803244955216,0.000128882662971941,0.00139125450426078,0.0127069938379859,-0.00212920391426344,-0.00443353582709672,0.00660372595977636,-0.00905465942846566
2007-07-31,-0.034517401,0.00380275202920427,0.000566128198324665,-0.024808002362197,0.0152950566589817,-0.00161579552427807,0.0240386713939568,0.00777032027274069,0.0133366522134278,0.0240902966335441,0.00348614078073129,-0.00550446015751941,-0.0173771923896647,-0.0243574882061692
2007-08-31,0.0073334909,-0.0112409969263616,0.00189938921611063,-0.00224570172372329,0.00125917881250036,0.0131857235820699,0.00428239336145643,0.00567811535532054,0.00800882607034,0.0061175154147615,-0.0032984745785391,-0.00853238776270526,-0.00382071936078072,-0.00610587701071117
2007-09-30,0.0376440213,0.00491948747966573,-0.00966241749294838,-0.0285636275704608,0.0123859102818375,-0.00600060237386297,0.0327790597205698,0.00409623547981464,0.00685346091893539,0.00324908935896431,0.00255212720421695,0.00280701125328966,-0.0127353441436954,-0.0299321006431498
2007-10-31,0.0229335122,0.0190035746620806,-0.00405158519547016,-0.0196537123951536,0.015718834846156,-0.00705019741405322,0.0333124460698676,0.0108204686324437,0.00216059563937131,0.0113300397029473,0.00313997082032928,-0.0133704361280971,-0.00106643392675676,-0.0381467102483448
2007-11-30,-0.052082839,-0.0041343936661693,0.00202257134795574,0.0131657960076137,-0.0132828970783641,0.0393875968144054,0.0212501055238908,0.00611091962865011,0.0259541979710334,0.0115319102363723,0.00369120974262641,0.000843778759250183,-0.0345672150025413,0.00820133537444508
2007-12-31,-0.00664791,0.00777028845999016,-0.00280392693134877,-0.021059835636963,0.0113828486140583,0.00577179563309637,0.0440216787052571,0.000215908405887939,0.0148119753600242,0.0226959075447301,0.00923177168610467,0.010730695078501,-0.00434074108929831,-0.0209433062106023
2008-01-31,-0.067416825,-0.00738800357730764,-0.00213584850924979,0.0276781588836938,-0.0296410847683521,0.00821639153265791,-0.0450143039765688,-0.014541288788188,0.00430549252135917,-0.0318351948532774,0.000452268364044564,0.0149491512782971,-0.00520870204732077,0.0503345651631088
2008-02-29,-0.022988068,0.0166158999390718,-0.015283146006639,-0.026601677542352,0.00707716964470942,0.0143648149692587,0.0497696546571747,0.00732554380474549,0.021980612488868,0.0333410626575071,0.0158617147509748,0.0193657220839448,-0.0118888588432441,-0.0220154036889487
2008-03-31,-0.012588917,-0.000684769356913268,0.0046047566938919,0.0135333447369963,-0.00380819925318706,0.0227953443228112,0.0188533687971574,0.00124065291266754,0.0112082484752001,0.0110317425704596,-0.000727766339519474,-0.00640567993911965,0.00119091138922035,0.00335980293631555
2008-04-30,0.0498423713,0.014371202495392,-0.0108356516109654,-0.0196924932217283,0.00801671885045521,-0.0241533733366688,-0.00063123103202155,0.00302286846816106,0.00850439155207518,0.00940965911648716,0.00603668624014794,0.0069457176528588,-0.0215269238921143,-0.00892570196014679
2008-05-31,0.0230342968,0.0136064126024262,-0.00729334406398208,-0.0260305999992477,0.0188538173400495,-0.0087350371262951,0.0186023744285499,0.0134703930157734,0.0092998617150258,0.028470939506871,0.0101488034202605,0.00039553129767918,0.00854333830265133,-0.0227888896264857
2008-06-30,-0.080359763,0.0173321424555485,-0.0157514839059968,-0.0303161206699662,0.0166912572407779,0.00423162809112676,0.0981596946194507,0.0176360469639251,0.027016766488788,0.0380098526511528,0.0218366999124663,-0.0318348958033269,-0.0205219120940323,-0.0491635149384615
2008-07-31,-0.015152409,-0.0258418002368686,0.0201349121628697,0.0488082098911918,-0.00377854647118188,0.0382323226877865,-0.0598815280605684,-0.00341302213611769,-0.011527901140743,-0.0172438783363787,0.000559001394011713,0.036977628535255,0.0448181346502496,0.0448730587844161
2008-08-31,0.0100284293,0.00013151389930823,0.00248738926657048,0.0230284037876007,-0.00721961351091118,0.00640305876034401,-0.0433567329625603,-0.0196262418276143,-0.0043093905872951,0.00173071785659644,-0.00700442015876721,-0.00180733015650779,0.0159275979778259,0.0279162819118631
2008-09-30,-0.100080181,-0.0141930762923669,0.00695006868209648,0.0528604506941416,-0.0170344659751665,0.0773568588169162,0.0223706160518172,-0.0170859105118416,0.00420148338536049,-0.0167277319768232,-0.0114054600908056,-0.0314368263500015,0.0188731440732419,0.0410160673220451
2008-10-31,-0.184845293,0.00165693291460393,0.0109963691002297,0.0302783923648476,-0.00142141264783768,0.0641757688678998,0.0592496574515365,0.00890352594687817,0.0310665379447814,0.0127442587894905,0.00624467644802112,-0.0034750097583769,-0.0123850732150851,-0.00482700251642879
2008-11-30,-0.081340738,-0.0043164223800936,0.00460565863007557,0.00572756072786062,-0.00870722482411234,0.058537474774843,0.0407897992516286,0.00599815760932662,0.0296280662808542,0.0096949101353424,-0.00618722142741103,-0.0209238071644703,-0.0319751531126073,-0.00776951080956366
2008-12-31,0.0197188083,-0.00846408568220945,0.00359838038116985,0.00575152066098742,0.00447279076224972,-0.0149445305674386,-0.0406081166414382,-0.00686976504983658,-0.0127309908941889,0.00479619361729338,0.00148344024909973,0.00810433003266154,0.0189745144221895,0.0233501483456737
2009-01-31,-0.079291878,0.00268780623369361,-0.00238379155173219,-0.0331670612577917,0.0340900372879545,0.0208635870282286,-0.0141089803899888,0.0195025415842537,0.0130953109178329,0.0542746566729323,0.0196538030869623,0.00231550094375311,-0.00852917627919272,-0.0374660936204529
2009-02-28,-0.100089906,0.00317827596031126,0.00525383716655549,-0.0159861327097118,0.031584841288231,0.0143720463918547,0.0148245916517506,0.0135438619504658,0.029030318787719,0.0484689787131362,0.005904930300818,-0.00932601494521754,-0.0188109247837839,-0.033201440152828
2009-03-31,0.0895880673,0.00431792989415169,-0.00333413254833656,0.0112493328095819,0.0155613663772723,-0.0507258282913077,-0.0578260218734148,-0.0303688272720845,-0.0240942583654495,-0.0150270404636609,-0.0100975394306956,-0.0193509912600027,0.0275042160818066,0.0159078626651399
2009-04-30,0.1081861056,0.0128926022118229,-0.00385645931580858,0.0138989146426573,-0.0198200806787157,-0.129204436144031,-0.201926462135347,-0.0293774527416267,-0.0446351098200927,-0.0305348814211286,0.00479493666345825,-0.0431572429753781,0.080656999268875,0.0854485615165458
2009-05-31,0.0676808172,0.00534483539375695,-0.00494767474248541,-0.0248259867026902,0.00429541711918991,-0.0401999115920784,-0.085185504647869,-0.00193232946935029,-0.00989907333691959,-0.0265590430873826,0.007643945493723,0.00787359583044122,0.0184052238525237,0.0107101451961433
2009-06-30,-0.002604453,-0.000272165609827467,0.00488032355515855,0.0126907460864486,0.0123460745275414,0.0361036176171894,0.0124830192044526,0.00590055312099854,-0.0078777994468312,0.0134231234748412,0.00179231886531267,0.0168822055358232,0.0266502823753989,-0.00181248094628361
2009-07-31,0.0820501315,0.01419131088598,-6.55921468272599e-05,0.0219167289333148,-0.00703682264017423,-0.036107123422053,-0.0154549819209077,-0.0307814281318847,-0.0271064829495449,-0.0271004611246277,-0.00730167400108562,0.00880159555328183,0.0188370080687774,0.015613418448314
2009-08-31,0.0310115568,0.00256448845638763,0.0117759133852136,0.0290435307534236,-0.0132309301481288,-0.0317013909219021,-0.0258378757392813,-0.00574814170741287,-0.0288072172090421,-0.033422746122669,-0.00761328190834932,-0.00627019025733259,0.0150752239543063,0.0170785297389651
2009-09-30,0.0443211425,0.0100573817529177,-0.00695209299507194,-0.0100020708238539,0.0140943699889015,-0.0312011112954122,-0.000980253681772296,-0.0108294600236869,-0.0117344426293316,0.00145928046205965,0.00180857349607144,0.000612040909585978,0.0182540521705859,-0.0106179974900841
2009-10-31,-0.028164817,-0.00799442102087116,-0.00716289762115443,-0.00674750368738102,-0.0133983783972004,0.041608087577028,-0.0120950012770304,0.00826917058862432,0.0437504225160197,0.0317797152140769,-0.00173373187595517,0.0116417778028674,-0.0367612461479208,0.0191263829283955
2009-11-30,0.0573569127,-0.0025720272534901,-0.00487982000675343,-0.00284168720558713,-0.00158468347737456,-0.00814082732759553,0.0138034309166669,-0.00609258377680252,0.00268806950485989,-0.0042152121420777,0.00185202582837157,-0.00552931719308843,-0.0118139162214784,-0.00208555539233351
2009-12-31,0.0282167883,0.0151742113198782,0.00523460416258834,0.0118949981588568,0.0163312466331877,-0.0207373458045057,0.00314634480076004,-0.000404903155440371,-0.0246053401942185,-0.00214196236298407,0.00296156085552753,0.0042135525178373,0.0352983508469145,-0.00907184562707195
2010-01-31,-0.038042685,-0.00871402914116531,0.000426792405398405,-0.0023771160631995,-0.0153326681799877,0.00858813310366755,-0.0245136158953242,0.00217082785087551,-0.000736941604424061,-0.00867478337707472,-0.00188114809005222,0.0219412507190694,0.00674398940836016,0.0191057610928803
2010-02-28,0.0346143678,0.01059972442303,0.00381162646990996,0.0141555399626889,0.00394456718241663,-0.0208014997413996,0.0187410140177657,-4.88479340990435e-05,-0.00809965785525005,0.00246042969944948,0.00616234181959387,0.00172415697913435,0.000445460651729925,-0.00479004775579782
2010-03-31,0.0644945934,0.00257556888715218,0.0133580048841734,0.0143382826592525,-0.00172196388184582,-0.019219694427387,0.00228512434511498,0.00869422527141126,-0.0168371084039745,-0.0122695941221589,-0.000260750459849553,0.00894747453901844,0.0154359895015772,-0.00290639302614987
2010-04-30,0.0191484198,0.0163350333179057,0.00921699995908069,0.0210972830510557,-0.00830735231013428,-0.0205619998720525,0.00192868101216039,-0.00374281792803683,-0.0223835735422892,-0.0150180593195011,0.0083339814974964,0.00791677888859589,0.0241277205471155,-0.00268070565406822
2010-05-31,-0.081046041,0.00168901091795038,-0.00505138797203898,-0.00871823699362616,-0.00386886546904503,0.0221909086310538,0.00330745530117803,0.00563478936086613,0.0194386529569953,0.0202168977402101,0.004953520753596,-0.00423122642251398,-0.00842274905091979,0.00642384173049413
2010-06-30,-0.053883966,-0.00630577472975413,-0.01287255530065,-0.0231405414817921,-0.00410101291724117,0.0459724734414577,-0.00922546366115683,-0.00229419836304941,0.021874992750204,0.0124942202885523,0.00425796540592334,-0.00735580253196942,-0.0133453604120471,0.00401681007400464
2010-07-31,0.0705650185,0.00787248332229964,0.00357537487415201,0.0154642548320646,-0.00309614127627852,-0.0250458325784688,-0.00943969976170489,-0.00404330714838728,-0.0097144653986447,-0.011979472679967,-0.00556599789276552,0.00683203609434474,-0.00212746679041075,0.00593312491068569
2010-08-31,-0.045626568,-0.000442836692050512,-0.0172309969690926,-0.0240139258876978,-0.00123312549799438,0.0241582701541908,0.0188735641983886,-0.00498857568451426,0.0113590591450983,0.010046154049453,0.00692032434170998,0.00641280956973717,-0.0256371919282615,-0.00750735184641371
2010-09-30,0.0945484337,0.00429075512459274,0.0153649820997275,0.00514514372178286,0.0227725792812027,-0.0398856090515805,-0.0182055811562942,0.0138109681694143,-0.00699664657196399,0.0146948480329942,-0.0101635488810378,0.0103825848879798,0.0180851312331943,-0.0139957540220966
2010-10-31,0.0387182794,0.00183057501334894,0.00194889814404407,0.00103888462416684,0.00986466757312753,-0.0112545953792567,0.00752473849093146,0.00445061534955189,0.00355202325419424,0.00620574525081819,-0.000860632239143675,-0.000666234820488366,0.00622379415847725,-0.00697965560362731
2010-11-30,0.0060402709,0.00876287778707881,0.00406257668736931,-0.0071002744189977,0.0133766345638695,-0.0257368144573143,0.0145618832374023,0.0101212919801445,-0.00164702080404316,0.0170555577820389,0.0051665005986998,-0.00471727896384361,0.00397333397317686,-0.0200291796777897
2010-12-31,0.0697731042,-0.00251857400053279,0.00397853940204184,0.0129255658406276,-0.00160706713231053,-0.0214122691382198,-0.0263298668069659,-0.00291849734374509,-0.0257597699857157,-0.0304967205908908,-0.000317826017994207,-0.00190996744652083,0.0263794311809135,0.000312274856946293
2011-01-31,0.0199524736,0.00126072046498919,-0.00135732238516458,0.0011100440077489,0.00162768414943487,-0.00404553442870733,-0.0126044385537245,-0.00672420903509999,0.000458451356905747,-0.00507308473042443,-0.00326957797690147,-0.00479418563517152,-0.00911897150346545,0.00625128195886766
2011-02-28,0.0387207604,0.00462180865180444,-0.0012525213390518,-0.000971945192893081,0.00241515647346057,-0.0095116251199866,0.0115307017928131,0.00287157682697715,-0.00366055397537885,0.000861015146781339,0.00208469614499756,-0.00652222905133804,0.00643805724566169,-0.00737362079853826
2011-03-31,0.003282508,0.00808375253177058,0.000832036507872596,-0.00434451938582877,0.00158918487617622,-0.000380423613544272,0.00999110462812997,0.0024360620982984,0.00067646281690616,0.0105569567440732,0.00494312306616649,-0.00482690205286691,-0.000149400122470562,-0.00636025992051378
2011-04-30,0.0276618622,-0.00265397154559997,0.0023104183151779,0.00240889027065446,0.00340654390833381,0.00832431500020621,-0.00688489345245152,0.00298870843567446,0.00811005538349614,0.0127436870317892,-0.0031492769194918,-0.0022877842287742,-0.00655573238868776,0.00142571245048799
2011-05-31,-0.015070717,0.00745778134872055,-0.0021896329314743,0.00514514431017885,-0.00587070856666452,0.0184357680054566,-0.00964412771295411,0.000264946789999781,0.00615853100618566,0.0116914256095001,-0.000876476544108909,-0.00525092933349913,-0.00973735726079518,0.00883012485964899
2011-06-30,-0.018855506,-0.000135048617885257,0.000597230209105493,0.00107639506826713,-0.0074570839556315,0.0153307776524472,0.0149229310658447,0.00430973598052045,0.0116521982781644,0.0119570341513316,0.00284239949566414,-0.00580346247903301,-0.0115500982954837,0.00402368821738927
2011-07-31,-0.024270671,0.0115157506634575,-0.00997375525677112,-0.00955389835689169,-0.00413700448370087,-0.00518164426739875,0.00762084486733535,-0.00195201929899969,0.000820383290644437,-0.00480956341384436,-0.00085321616312241,-0.00214768242930373,-0.0121088155414223,-0.00768133784675505
2011-08-31,-0.060306733,0.00111321496840198,-0.00741877739742271,-0.00108028351192463,-0.00887950389448393,0.0505797106649474,0.0112055589878436,0.00174633157965721,0.0234102509714114,0.0228770572334573,0.00180490190481301,0.00324544461735042,-0.0285599502431944,0.0102469736831015
2011-09-30,-0.085072106,0.000407669011327822,0.0054297405212302,0.0234980303019791,-0.00589796732374614,0.067231583573543,0.018494631542015,-0.0237661128967959,0.0165961234678369,0.0245919784127495,0.00139542979970309,-0.0248674721678738,-0.0175956792037614,0.0176814522677587
2011-10-31,0.1160033063,-0.00560248951308963,0.00337048466751499,-0.0145785761265894,0.0105552503101447,-0.0661085965432159,-0.0615869372644683,0.0271426137484821,-0.00188898186195387,-0.00770906101357261,-0.00746386283116719,0.0261491040847535,0.0198585314246911,0.00314782285034123
2011-11-30,-0.005351719,0.00243993585046192,-0.00216753387477977,0.00675249103035703,-0.0120771750213511,0.0198579277638695,0.0240365170450124,0.000203823798603508,0.00567560754667082,0.00352510469485729,0.00179648980640856,0.00217665460677145,-0.0161364247045789,0.00251012733441721
2011-12-31,0.0028381707,0.007692211936453,0.00345083460425506,0.0261475026033445,-0.0203411509567967,0.0355026572292685,0.0190398156785876,-0.00892264605367609,-0.00355479316276561,-0.00910813418127632,-0.0027345189614175,0.00815110052514551,0.00586942388449397,0.0220785413697835
2012-01-31,0.0539870161,-0.0212802188722912,0.0124570835045943,-0.0208871324222658,0.0321088507081836,-0.0555589893790552,-0.0606435168518278,0.00543741747000526,0.00128947478388518,0.00660641224149428,0.00413857740273121,0.0163920113045173,0.0298336566031857,-0.0095399269560193
2012-02-29,0.0438800711,-0.000397526844857543,0.00599558594343371,0.000726277227156798,0.00210630945527524,-0.0208319694109068,-0.0164967818199062,0.00613880147586946,-0.00177430314522567,-0.000476826430416128,-0.000344474552433241,-0.00654150976928182,-0.0148587035828466,-0.00420839338693555
2012-03-31,0.0257645937,-0.00570269530671469,0.0124864264768831,0.015149973578647,0.00204878926267855,0.0146969867620326,0.0214903432873592,-0.00723760854055266,0.00135446679198166,0.00825400293969887,-0.00875053514315711,-0.000976153618940506,0.00142250107637157,0.00279215912016293
2012-04-30,-0.008608071,0.00992925324362576,-0.00510012034603936,0.0050424959780564,-0.0149170287303703,0.0223776458515653,0.0188096153445515,0.00541946450064629,0.00326615635266475,-0.00095803212808682,0.00324843644991463,0.000169113369564795,-0.0191512530621961,0.000122923847269529
2012-05-31,-0.067255616,0.0065148256006652,-2.44113919083312e-05,0.0208555884107481,-0.0195260622780505,0.0508119309558754,0.0353131356794682,0.0070487606344584,-0.000893693283337743,0.000437016850627912,0.00587010068830062,-0.00215896657024988,-0.0101744658018484,0.00577290927012766
2012-06-30,0.0378392194,0.00686448558962111,0.00567029080070346,0.0116598025988716,0.00213832503461504,0.00279502063843365,-0.00452469452789774,-0.00119991542016929,-0.00889944401084081,-0.0127932034572356,0.00266704188118469,-0.00255098713282789,0.0148666720247234,0.00446963330840449
2012-07-31,0.0091126516,0.00642676642600282,-0.00834833549013396,0.00410644928147816,-0.0124792813814523,0.0111529103310402,0.00524129041489608,0.00291130902502401,0.00446224372779956,-0.0042860830940388,0.00132065882830049,0.00542766364042931,-0.0146076756083782,0.00797673922973636
2012-08-31,0.0276121279,-0.0119546906822174,0.00221733470018454,-0.00598603153311451,0.00857977876527857,-0.0282518073884851,-0.0190295025460169,-0.000260021671423473,-0.00123194873782726,0.00365325844865711,0.000442707286932852,0.00194479913329259,-0.00393646147820409,-0.00362713067062483
2012-09-30,0.0278947766,0.00698541732741775,-0.000788201158310279,-0.000406564524641972,-0.000107346385562562,-0.00712203263033425,-0.00732731679555547,0.000556282455380126,-0.0077873332050727,-0.00907546526920202,0.00618034022333049,-0.00602495145224434,0.012814261494299,-0.00442947451682542
2012-10-31,-0.015192143,-0.00162190864608889,-0.00238322082387901,0.0152596572800266,-0.0306250338240003,0.0139409657116978,0.00359636224175341,-0.000377163588978381,-0.0020337610446044,-0.0221020369058593,0.000220068767519143,0.00125013976252268,-0.0171297339747208,0.0247379624327953
2012-11-30,0.006875213,-0.0092441472130102,0.00762775651260198,0.00309707073519378,0.010506925212817,-0.00374971631479505,-0.000433765842035368,0.00194771634204558,0.00764750839457497,0.0180315388820709,0.00354700712115482,0.00637227102307624,-0.00305993218123413,0.000242426370949126
2012-12-31,0.0126090994,-0.00267110181091717,0.00399481772413725,0.00319044984365811,0.00170179655803829,-0.0167265248820901,-0.0147491640548678,-0.00362680148794823,-0.00785384419001217,-0.0116207946899599,0.00175999816482744,0.00739577007219258,0.0169352369811583,0.00681606089260851
2013-01-31,0.0550819107,-0.00671572566310512,0.00567003192688914,0.00699250807201164,-0.000214624306849335,-0.00994063830490438,-0.00261540891581483,0.00093675094738494,-0.00260284530979938,-0.00421155194712151,0.000479057135415057,-0.00883272809846767,0.00348345415379277,0.00750784895155525
2013-02-28,0.0087427554,-0.0010416394700619,0.00459781883727535,0.0120322212934556,-0.00816426543569262,0.0156995079563797,0.0149460426888747,0.00500528857295888,0.00585477069439452,0.00360639685493646,-0.00253482252552299,-0.00803017316845267,-0.00288772052559257,0.00791380573844702
2013-03-31,0.0368206576,0.00817928893772606,-0.00164072450217292,0.00802378189200603,-0.00630670802615243,0.00218964204706778,0.0105517526762475,0.00504403544436809,-0.00501005075395299,-0.00417828511717954,1.0408928351908e-05,-0.0102922091215278,0.00445176370117905,0.00309024253585134
2013-04-30,0.0135562674,0.002617851117636,0.00331723881894635,0.00592600338550985,-0.00811437135263749,0.00942106628668659,-0.000409602153044876,0.00715616693802945,0.000756986417188815,0.000952033720022975,-0.000856354479132533,-0.00898361834935623,-0.0158232559843625,0.00579797529848019
2013-05-31,0.0255592033,-0.0138327094750348,0.00966674259130724,0.00197572889022847,0.0134351017296338,-0.032186840038871,-0.000529775247082886,-0.00711692211073015,-0.00445308747317516,0.0039840850115701,-0.00292955348640574,0.00680074370138704,0.0240803821116269,-0.000333015727026666
2013-06-30,-0.014848108,-0.00111784311339025,0.00249975409764564,0.00300199438839122,-0.00445555945212037,0.0167800994272464,0.0121066380474894,0.00086127810551112,-0.00119495168231294,0.000609039227503659,-0.000958883435657831,-0.000535424587064918,0.00965044844379241,0.00129040500952434
2013-07-31,0.0570911698,0.00287365559278745,0.00274681503949615,-0.00117590334239793,0.0129852924755367,-0.0162841993618181,0.00730827334480866,0.000867665640837857,-0.00617366954049033,0.000237276123376643,-0.000704573943044786,0.00716144208491785,0.0162330160468735,-0.00494245768298624
2013-08-31,-0.024943341,0.0031839548599569,-0.00576135580400282,-0.0133914372632634,0.0109296089459284,-0.0122575995248427,-0.0052826385641183,-0.00343564681264941,-0.00210740539612763,0.00415017063715218,0.000114866352054598,1.35721580342453e-05,-0.00175609583589148,-0.0112831158102916
2013-09-30,0.0383294272,0.000641367099301432,0.00266529971336558,-0.00417674141272593,0.0125939555591343,-0.0110706909134196,0.0171528231443437,0.00564702159337358,-0.00386535407086495,0.00758898631652258,-0.00552288883580852,-0.000960899047142916,0.0145611490877426,-0.0143184093475929
2013-10-31,0.0406023625,-0.000499807339119346,0.00113437239909412,0.011134493443375,-0.0189050280748356,0.014626818352864,-0.00269542815816239,0.0041894039942647,0.0172325938568589,0.00206410023503858,0.0023758619168018,-0.000672831198099573,-0.0181104787973718,0.0205625454075906
2013-11-30,0.0285958125,-0.0165645905642186,0.013737631950491,0.00319774002000471,0.00300766371728711,-0.00345847372374138,0.00797672447480233,0.00435396065402739,0.00145675975512227,0.00433149510505491,-0.00309871141379477,-0.000834514118533299,0.0150370779745745,0.00526935768468296
2013-12-31,0.0276717927,0.00386410520426858,-0.00087651072437307,-0.00183320319483511,0.00741225965018001,-0.009479109009986,0.00290435290785193,0.000746682162565321,-0.00385961448742819,-0.000800050249396897,-0.00196886224027917,0.000514179710857549,0.00394730268511546,-0.0045878904221252
2014-01-31,-0.033100394,0.0113385224297721,0.0010447282952435,-0.00380851926236013,0.0253733148246621,-0.0134511745528083,0.00233407783279141,0.00248081423040611,-0.0228700198496094,-0.00811047662420812,0.0056157947048672,-0.00621131015200566,0.0161400536471866,-0.0280385813096451
2014-02-28,0.047360877,0.00275481186111855,-1.65154281798335e-05,-0.00707262521606845,0.00991050749773529,-0.0185019987213859,0.0126008791633843,0.0017711661118597,-0.00159823724933423,0.00700459997898948,0.000202779206138707,-0.00831364019029066,-0.00554107970672151,-0.0113076958030199
2014-03-31,0.0045135274,-0.00191184896906756,0.000311384567415966,0.0195252418967432,-0.0306403026001999,0.0289418241919771,-0.0178236694950813,-0.00163272482404628,0.018079370427359,-0.00412951880757062,0.00511322768064947,0.0102995006601112,0.00533470768839911,0.0442667018629885
2014-04-30,-0.000375045,0.0063639840559438,-0.00737884142734944,0.0126699312819305,-0.0319734123564626,0.0242435719359629,-0.020946550731876,-0.00318629641151911,0.0205369985101031,-0.00486146075008238,0.00813102970110398,5.90813326002378e-05,-0.02574688995849,0.0342053093514676
2014-05-31,0.0197799865,-0.000459939133711017,-0.00224747316895357,-0.00474488615005363,0.000325312545794227,0.00127235685808064,0.0072310602401372,0.00285421058750845,0.00775096741106409,0.00754341942422122,-0.000342870519893318,0.00086244377085502,-0.0169832932748703,-0.000997950068004894
2014-06-30,0.0285686336,0.0129311413843054,-0.0033455964782084,-0.00316190682156519,0.0174602275367071,-0.0250304241751653,-0.00199276680254966,-0.00116872158813467,-0.024697548670602,-0.0169221122085325,-0.00176031447980288,0.00577469439274336,0.0263973829679743,-0.022316679366933
2014-07-31,-0.02102895,-0.00638793915677661,0.00296067610122014,0.00467223990434303,-0.00411843378619235,0.0128601295983466,-0.0046108278291729,-0.00618958905698372,0.0160765869690719,0.00850523072018148,0.00262328838948732,0.0089389968530858,-0.0260278122795252,0.0146356607064011
2014-08-31,0.0405408287,-0.00207154847171162,-0.00130093003653629,-0.00876021108340612,0.00885908973619526,-0.00927272821363122,0.00218393991021691,0.00253879478967228,-0.0031075974214945,0.00399401226698001,8.82211875260052e-05,0.00888301217418067,-0.00371926940753815,-0.00936217360523971
2014-09-30,-0.023866284,-0.0160383547176141,0.00879895842323392,-0.000103959031108055,0.000838260028795552,0.0247418320047727,0.00664728904297835,0.00142129723173138,0.016844854155975,0.0171692889115624,0.00125370454456579,-0.00646108239641894,-0.0274195925214136,0.00049929876841439
2014-10-31,0.0209244527,-0.0185530714645699,0.00871790105428102,-0.00730621034984664,0.00103634201624648,0.022979383478072,-0.00736284333476517,0.00254387247991899,0.00979151344657028,0.0146257626147442,-0.000429453998580957,-0.0103651510798409,0.0111694510159404,0.000406265569311017
2014-11-30,0.0228124407,-0.015681520655289,0.0119583974261,0.0089896736351996,3.81239995067483e-05,0.0239625248763836,0.0286440796806661,0.00524163189895762,0.0157827552650151,0.0242721471348978,0.00742605274079899,-0.00507141000125967,-0.016743364926754,2.73252694293218e-06
2014-12-31,-0.002713154,-0.00270567282944506,0.00499997100473335,0.00411412148602707,-0.0015055809156177,0.0113463108832367,0.0162855477678402,-0.00523644298079489,-0.00722857237872188,0.000698302351102145,-0.00130549448125142,-0.00659416216176348,0.0196497759225559,0.000511770800724561
2015-01-31,-0.032116119,0.01006503742861,-0.00217383974482419,-0.00800893259296101,0.013164534231085,0.00342629673210764,0.0282553299514466,0.0103190131813895,-0.00165894824170847,0.0121843906445416,0.00138145646808785,0.00530301025599763,-0.0145895027398157,-0.022408795122174
2015-02-28,0.0614195079,-0.00586879472731665,-0.00252740586606419,-0.0110201531136081,0.00982118166919031,-0.0199265816301646,-0.0277145387408273,-0.00190994602695102,-0.00489849345130243,0.00132310448161715,-0.000952606908001021,0.00920620618910241,0.00763898498354778,-0.00700345926667547
2015-03-31,-0.011073487,-0.0054171967169837,-0.0027217276892726,-0.0141387161809116,-0.00259102823676206,0.00917108229750517,0.0250521260674205,0.00418482390816661,-0.00238132361990458,0.00305063757722471,0.00196126451764611,-0.00418869411492904,0.00293503082293668,-0.0117210200392388
2015-04-30,0.0099327918,0.0149504118416626,-0.00503210884541342,0.00631322703540552,-0.00333431056522914,-0.0123200762424755,-0.0605153003936492,0.00155571551756033,0.00323969072652986,-0.0140732010879206,-0.000279728368094083,0.016071091897528,0.00204006662127544,0.0187959320526644
2015-05-31,0.0119595299,-0.0114128379793091,0.0041781556138389,-0.00914532247712811,0.0165223424050774,0.00396082514155351,0.0446359269960298,0.00840423189577222,-0.0116424090212616,0.0034500634980953,0.000392101084707642,0.0149457744642597,0.00391053013380839,-0.0210893987452579
2015-06-30,-0.017175437,-0.0131812682349363,0.0022105885777954,-0.0108791275203433,0.00106319268267474,0.0113043364353269,0.0199901018522949,0.00290259538660962,-0.0034879897456636,0.00137384611715034,-0.00232048313874012,-0.0113358968381411,0.0102145777037419,-0.00932656230078184
2015-07-31,0.0126603264,-0.0116988644377395,0.00739457724488818,-0.00572231182532449,-0.00293413848671712,0.0435776519173171,0.0362105361124291,0.01437139821408,0.0144102925125661,0.0163536524352817,-0.001957488827028,-0.0103333397320949,-0.0382204324885507,-0.0137175942490274
2015-08-31,-0.061005472,0.00713044814482231,-0.000736559308040389,0.0108504251905881,-0.0124809909797846,0.0100071513132358,-0.00892223271227101,-0.00521578358922632,0.00721558122815967,0.00130990961130127,0.000803240101714162,-0.000863448458872968,-0.00094588432081817,0.0143519991571268
2015-09-30,-0.034073372,-0.00413229454517138,0.00727506985817494,0.0117276507981358,-0.0130727275512578,0.0505063433522913,0.0372506178803074,0.011588173390055,0.0306196541312897,0.0199472418398303,0.00399337186007112,0.000733553347691159,-0.0206344792179476,0.0167635983842285
2015-10-31,0.0756015941,0.0122792339212949,0.00149983052757714,0.0209052146241527,0.00550162102249831,-0.00913774009006669,-0.0341983774894338,-0.0143052163423377,0.00507705773077058,-0.00103065717566926,-0.00277289559789845,-0.00337915302073105,0.00486897011803906,0.0128943306124788
2015-11-30,0.0044510837,-0.0132252883071724,0.00744587671481482,-0.00803809571871576,0.0211829497993714,-0.00575037626422626,0.0110492816087589,0.00710648895196654,-0.00743549202712668,0.0012599989953423,-0.00164387563117173,0.00101122987385038,0.0244812346783268,-0.0146248443965848
2015-12-31,-0.023375104,-0.00757098113662865,-0.00110661475814908,-0.0122661340924877,0.000631920005087507,0.0247624804189675,0.0225278829332953,0.00742650940203628,0.00843154614486781,0.0177613115382825,-0.00338669068720168,0.00571552834726089,-0.018800586176915,-0.0117884476891207
2016-01-31,-0.058359963,0.00424835576241899,-0.00466468092013179,0.0300789693766507,-0.0414705555812377,0.0569044337014356,0.0130262225162047,-0.00709179634505959,0.0367642986279232,0.0210470674393482,-0.0087621968273403,-0.00549643779602523,-0.0401916818958879,0.03433911967007
2016-02-29,0.0006202197,0.0132816745194698,6.07805360914702e-05,0.0159872299490133,-0.00992861258194974,0.00230017908378145,-0.0246731330153176,-0.00606962815152316,0.0103514858919462,0.0146393742524614,0.00214280880991984,0.00766047938417756,-0.00216383273681369,0.0209353281014258
2016-03-31,0.0697657972,0.0125107300832123,0.00445019564325872,0.0191233117374882,-0.00497718300316626,-0.0179077297471376,-0.0312535348917192,-0.0157352867705216,-0.0105399934324374,-0.018362532658884,0.0016008096112223,-0.00405873974244435,0.0149669958330263,0.0137257616728606
2016-04-30,0.011362297,0.0165099899704596,0.00336014888886498,0.0188418327002639,-0.0013179186237197,-0.0415754317240187,-0.0402185743670035,-0.0113856969379336,-0.0362151765221413,-0.0496321742799458,0.00494759307468008,-0.0170270689098998,0.0277539201273049,-0.00212446313412094
2016-05-31,0.0146015242,-0.0149495985027365,-0.00220951034576168,-0.0139196592388673,0.0140594230274683,0.0144216823778601,0.00556249042039654,0.0118475735276731,0.00604396600901297,0.00624760123261093,-0.00451196207627137,0.0058849097625523,0.000721147631428917,-0.0120022730504411
2016-06-30,-0.001316926,0.0235291591095446,-0.00257873155058292,0.00842313660895517,-0.00626194210068276,0.0216655751419952,0.0495883141385794,-0.00630591324947643,-0.00537094136829464,0.00493390396326013,0.0116179434113224,0.0270269356153306,-0.0112912586285481,-0.0141453220490103
2016-07-31,0.0395575612,-0.000738764411575181,0.00234538349934788,-0.00964159742375635,0.0235375934728048,-0.0303099333567894,-0.0260360881863783,0.00223720199436012,-0.0071953111896438,0.00722738521525775,0.000906867480228599,0.0262158736800335,0.0236500013554683,-0.00235415602821957
2016-08-31,0.0045379394,-0.00836195305560218,0.00489990221678083,0.0056171264993044,0.00611328626255595,-0.0119428539026659,-0.0282172441466995,-0.00969132739087317,-0.00413922613490446,-0.00810053150655717,-0.00909243626616297,-0.00870923266164825,0.0177356186182156,0.0131707996674947
2016-09-30,0.0032945834,0.0162297685651298,0.0019744958279472,0.00904996059268964,0.0162882160699627,-0.0208317074251721,0.0051956590485667,-0.00874917913753495,-0.0217659693692383,-0.013761268778174,-0.00331690316445695,0.00198269214670695,0.0254068476937234,-0.0120526109888516
2016-10-31,-0.020301093,-0.00288556709340506,0.00368121775944316,0.0081460718809661,-0.0207625777134884,0.0243635147062776,-0.0115580646793495,0.000775610609548712,0.0204062688223694,0.000436901038971564,-0.00188133250548861,0.00940753289203574,-0.0203259780555095,0.0320351352004315
2016-11-30,0.0459452579,-0.0113602684678339,0.0216215337864799,0.0253791273379059,-0.00543067698356366,-0.0282931873038668,-0.000729055145543791,-0.00759573244558142,-0.013484804626084,-0.0252564420326841,-0.0119968910673142,-0.00788505215223223,0.0430753782309552,0.031058404108022
2016-12-31,0.0175625733,-0.00774867386648965,-0.00484066779755468,-0.000810727168824051,-0.0152493266461794,0.0184014537241157,-0.00646933371515293,0.000839549299510038,0.00892312605769465,-0.00742933440327161,0.00203185166445185,0.00264740240535819,0.0133943513360364,0.0192517482166042
2017-01-31,0.0222191484,0.00885513691948698,-0.000661200863666645,-0.00935044768580127,0.0176605117214064,-0.0139809707415886,-0.00753403295861763,0.0016052071339901,-0.00489398709779544,0.000224410195917128,0.000668969757476066,0.0109560271488117,-0.00720662609756174,-0.0141710522257494
2017-02-28,0.0331827175,-0.0143504175345277,-0.00816876860940978,-0.012939058455534,0.00561591093457767,0.0123633784626045,-0.00841502894350847,0.00226275159499508,0.0142599516046584,0.0115812051997783,-0.00766572179304501,-0.00159681589844927,-0.00624029888689693,0.00386288621361703
2017-03-31,0.0023003357,-8.13016192259109e-05,-0.0020237642780702,-0.00543178346630502,0.01161821097055,0.00249860795450541,-0.0017837919810312,0.00616857536243242,0.00648529954625239,0.0169354000116708,-0.00103904808568279,-0.00403933245462096,0.00448366334518055,-0.0115213012281662
2017-04-30,0.00925885,-0.00394899510572243,-0.00276205421585966,-0.011879036947965,0.00830990932597145,0.0151238817061256,0.00496404177532737,0.00461492286154071,0.0103261668351056,0.0207245107176889,-0.000581628570858108,-0.00846615920975664,-0.00222420212638992,-0.0070889760221634
2017-05-31,0.0097138786,0.000373289814411496,-0.0123434946056972,-0.0195413593586952,0.00860555493533947,0.0207567758906736,0.0175488035578319,0.00766282982832027,0.0186317257718189,0.0253006171811066,-0.00419491690120913,-0.00971175657592823,-0.0226428976187968,-0.018358020811713
2017-06-30,0.0089738825,-0.0118310944418303,0.000236120472127768,-0.00712086968255344,-0.00105310516605342,-0.00628725466288668,-0.00846364861461663,-0.00840494289411451,-0.00664739853112076,-0.0150058271506004,-0.000722643937577714,0.0106913673193108,0.0249230517330909,0.00936574200199842
2017-07-31,0.0200164828,0.00380919458097903,0.00260403316222929,0.0026211368098594,0.00286253964966107,0.000400746512980864,0.0113460275528541,0.0075945763513938,-0.00374260841024901,-0.00712516413483031,-0.00442641719702429,0.00845809049689468,-0.000558642925766818,-0.00145295438241484
2017-08-31,0.0009139936,0.00106421244680029,-0.00370195906291104,-0.0125073566336553,0.0181028712052887,0.00982716803497605,0.0277278330989991,0.00202625452939722,0.00663031537084286,0.0154320737548997,-0.000462027715565178,-0.00107173119155544,-0.00349608031728098,-0.0187317483292724
2017-09-30,0.0252298566,-0.00111334795770391,0.0127564124721297,0.0105173630656049,0.00210755343993893,-0.0198553504052087,-0.0135247806353283,0.00128263251396362,-0.00925193463872658,-0.0105050360158833,-0.0076897105913221,0.00554265421365387,0.0305446509282472,0.00755419859372153
2017-10-31,0.0205025172,-0.00140058459251131,-0.00526979342125658,-0.0114497805031285,0.00765751995688746,0.0110527436843444,0.0359745145667107,0.0102906200888838,0.0106004193073272,0.0132285426537368,-0.0033501452826541,-0.00111579144302002,-0.0117276100263677,-0.00883797098569839
2017-11-30,0.028299566,-0.00135476347714994,-0.000309917577629667,0.00186163393134329,-0.00554061531244866,-0.00061705626472916,-0.0057276562345423,-0.00482989222752087,0.0128030114307487,0.0137242489751973,0.00578445711258346,0.0012201565621817,-0.0132862162400505,0.0147017476810144
2017-12-31,0.0111846992,0.00844110911002411,0.00622123085289848,0.00746503971789849,-0.00509932939889367,-0.0175181086702164,-0.0166236620759377,-0.00468219349965438,0.000829853364093125,-0.00312779478134562,-1.38132994454598e-05,-0.00107192944467748,-0.00743914177491448,0.0091924072269209
2018-01-31,0.0537646393,-0.00450782654504986,0.0119444134963095,-0.00533260982924165,0.0224282285208438,-0.00811337195856783,0.013916011069769,0.00911010502382351,0.00795521988001983,0.0166303213464969,-0.00746150007030635,0.00392884565875118,-0.0164524322246453,-0.0180412787598809
2018-02-28,-0.03907054,-0.000357132791376324,-0.00265265318398381,-0.0131359833755702,0.0210349873807264,-0.000670288567873612,0.0102074278837874,0.00654840849671705,-0.00163541300641534,0.0109550751074736,-0.00499257452651437,4.15949402153247e-05,0.00762800999764178,-0.0176780225054514
2018-03-31,-0.021124357,0.00753302616725765,-0.00348858573608671,-0.000242380572137802,0.00257267960921234,0.00179549803101222,-0.00564588409729014,0.0029944769815286,-0.00679297297713618,-0.00113176473136719,0.000727000022055417,-0.00650687820523984,0.0103889326540765,-0.00344172567510141
2018-04-30,0.0028502566,0.0174192534845438,0.00198859555227462,0.00982215124329987,-0.00507615178262166,-0.00112261984907759,-0.00567220718133062,0.000635885597700227,-0.0124824101100752,-0.0156032643060241,0.00106271584203634,-0.00592012368778755,0.00910549552174883,0.00535362338834614
2018-05-31,0.0251399331,0.00206844305220043,0.0046790611932289,-0.0131728313672957,0.0355929415522397,-0.0268017903747284,0.0265660830579518,0.00747381214593411,-0.0116881049381915,0.0124324704826424,-0.00142239608113388,0.00115836066786531,0.0289960047813401,-0.0326610110356117
2018-06-30,0.0040732281,0.00930961850370412,-0.00387256292624952,0.00393872690022304,0.000914919670798175,0.00012405205191316,-0.0114109815129876,-0.00886502321304864,-0.00217987779652369,0.00548291337360935,0.00531068804098761,0.00054689434938335,-0.00311365769712417,-0.00596883895540694
2018-07-31,0.0315183613,-0.00560705563530923,-0.00220264482115586,0.00352506698482857,-0.0124529938986367,0.0227045148408504,-0.0149374800092275,-0.00160282200612703,0.0153551876565556,0.00415752602932627,-0.000582067442207509,0.0161785177681706,-0.0139265973065496,0.0166755871067958
2018-08-31,0.0310266845,0.00571144127084266,-0.00173344055390939,-0.0202824737638455,0.0334429338315464,-0.0126926307626641,0.0417351652778606,0.00471513296620066,-0.0163696429503994,0.0207114431565172,0.00219627261531745,0.0092766403589568,0.00481884905284097,-0.0424291071325274
2018-09-30,0.000205924,0.00845822459260103,-0.00379517293146811,0.00214959860292025,-0.00437414137061381,0.00414132434379369,0.0106322751857923,-0.00376524321818792,0.00444866147365265,0.00356450553689611,-0.000561586507005483,-0.00547704304696933,-0.0197073700460323,-0.00398997112443506
2018-10-31,-0.078712552,0.00343024986086501,-0.00377712618264731,0.0241431146647166,-0.034812005464133,0.045735054194885,-0.00978314756705513,-0.0124445612306957,0.0172969008787034,-0.00350298923305737,0.000740092246864382,0.0107315373227107,-0.0250197847246145,0.0336618610375604
2018-11-30,0.016256258,-0.00652274265071411,-0.00731467655975126,-0.00427702166788357,-0.00581746066999916,0.0190828051655228,-0.0100530690877338,-0.00998385376325354,0.0109747623887379,0.00331072144091397,-0.00243286919980087,0.000246719662852489,-0.0116696595749193,0.00591150639095881
2018-12-31,-0.095129378,0.00543524799328465,-0.00116631878045871,0.00236429480666413,0.00481775712608844,0.0274386439356803,0.0172386909259323,0.000657390660277276,0.0116797056855436,0.0159010595543764,-0.000587309525516189,-0.00511140489798489,-0.0144392876105758,-0.00826195803406197
2019-01-31,0.086452046,-0.00794440920342041,-0.000172964513936462,-0.0230734173871246,0.0223579361591295,-0.0556708874185909,-0.0522748286979504,0.00554918416884676,-0.0215857446107376,-0.00946318609494529,0.00444768146681658,0.00283019468315493,0.0204997372618963,-0.00450762261055512
2019-02-28,0.0332643058,0.00128285285041814,-0.00185589566226919,-0.00865119045226976,0.019722143227197,-0.00842973418329764,0.00236814578521698,0.00265515621939525,-0.00468459714789973,0.00319186249992233,0.00255768733538183,0.00177318642988341,0.0095027098644752,-0.022839249815774
2019-03-31,0.0099287173,0.00631221804605234,-0.00356933678267662,-0.000836989300278786,0.00850338356925344,0.00868981614679723,0.020447360745408,-0.000505722549043062,0.00389472555909084,0.0128304525198006,-0.000615130027019419,-0.000348345844779131,-0.0270459114004422,-0.0170883021593046
2019-04-30,0.0391176382,-0.00862977627952206,-0.00210537909951608,-0.00458496797325351,-0.0123603358735972,0.00308820310024618,-0.0133781956068564,-0.00334354588327912,0.0142620629732436,-0.00289428123104081,-0.00327783664089032,0.00354318359918533,-0.00961356845614803,0.0233723018225849
2019-05-31,-0.068088811,0.00860301200364042,-0.0129100211265457,-0.00165027729493386,-0.00750663362830068,0.0456211914124942,0.0647778727425886,-0.000730681565296633,-0.0100902411025752,-0.00758075347550758,0.00418142609290371,0.00653511619498143,-0.0237548356771156,-0.0325765286884833
2019-06-30,0.0692267333,-0.00915873638228075,0.00363897254467126,-0.00205728690125134,0.00679627471781488,-0.0214270206304876,-0.0206633810639084,-0.00649221120415848,0.00534084772055064,0.006084660290792,-0.00437985313569383,0.00923729034033515,0.000134129393101579,0.00766757303746535
2019-07-31,0.0104536112,0.00461062095825226,0.000988335457562906,-0.00206334349276066,0.00262764238001164,0.0033409866572109,0.0144763382957979,-0.00162467892361831,0.00321543262997098,0.00548545811667455,-0.00109210642553863,0.00385746398275464,-0.0146344476939122,-0.000640274085098887
2019-08-31,-0.025157218,0.00305663109083594,-0.011662154809686,-0.00112036850368588,-0.00950808098379723,0.0407696110384276,0.0725062011363167,0.00668606026371994,0.014096655275641,0.0159088700729656,0.0109099657906439,-0.00573001154051479,-0.0287570298149064,-0.0198632169698164
2019-09-30,0.0144069774,-0.00756797441516063,0.00129641410559588,0.0264970605435296,-0.0423026989460291,0.0165252468345378,-0.0459470763975126,-0.0107919491323605,0.0249650726432969,-0.00822370811595526,-0.00322603530250921,0.0262191886612019,0.0144103807361055,0.068414637032965
2019-10-31,0.0188985909,-0.0090338681152905,0.00161795920681143,-0.0092159084346801,0.0130275595383198,-0.00938797166717572,-0.00762520269188325,-0.00596510434425083,0.0022947892009546,0.0117139000480114,0.000566019780130487,-0.000872958050331859,0.00716391593850257,-0.00388564186033886
2019-11-30,0.0381236729,-0.004098530513427,0.00419468826108103,-0.0189259209160537,0.0262915321551631,-0.0274198259320543,-0.0249542549963885,-0.00149707874428365,-0.0135863148126749,0.00148955711077084,-0.00175371545096406,-0.000208039987635316,0.00887655260893632,-0.0185011996201808
2019-12-31,0.0276820562,0.00341335266319571,-0.00226413721418998,0.00548712813764577,-0.00164778884880177,-0.0169795573441806,-0.0141835060057004,-0.00713364849682167,-0.00518024480955998,-0.01241014082087,-0.000859271553423201,0.00042612048525959,0.0250936438899969,0.00755748822391946
2020-01-31,-0.002650619,0.0023755999789328,-0.00645758691239608,-0.0211394570444548,0.0153479711133439,0.0200726945101458,0.0276519813964991,0.010687066331397,-0.0117229817476589,0.00508412778866622,0.00528226196361255,0.0269373067299853,-0.0316338096127281,-0.04970092794512
2020-02-29,-0.081121238,0.000676348977401292,0.000758843295171781,-0.0134323184404476,0.0288859964082159,-0.00541851744907721,0.00483644324197931,-0.00029229769366469,-0.0190844946336862,0.00819660928365712,0.00123472644452906,-0.00895287667555352,0.00285640737929875,-0.0374893148247895
2020-03-31,-0.139910409,-0.00605517531347092,0.00597656095823675,-0.0161293016228462,0.0570003226844136,0.064910505912744,0.0558660492647514,0.019896324408968,0.0314946039411073,0.0614500014810486,-0.0233166744809006,-0.00262740553826252,-0.0570007721399692,-0.0851151692991269
2020-04-30,0.1344226635,0.0230099700262459,-0.0017686574686732,-0.0209273356028583,0.0342565682252069,-0.0894199397183778,-0.0456320188391992,-0.00375272595778626,-0.0299855139578326,0.00314962536248326,0.016257130460554,0.030056357146532,0.0283920500133447,-0.00374074596716506
2020-05-31,0.0561271239,-0.000564605701959279,-0.00436064068172775,-0.0392640479731107,0.0414933856356487,-0.0285170584179767,0.0253299134173569,0.00213262256769009,-0.0300991967527879,0.0175086105893439,-0.000282130859442754,-0.0032108172652588,-0.0142513147890081,-0.0612802092448435
2020-06-30,0.0261648994,0.0103815394157558,0.00542199789223663,-0.012119265231309,0.0303303733819984,-0.0480522698536241,-0.00408390217883675,-0.00165932964741866,-0.0326744656612259,-0.00267843557633926,-0.00495552293303747,-0.0171324387999832,0.0320982836364281,-0.017958715927991
2020-07-31,0.0574901495,-0.00398913602404437,-0.00964022133148401,-0.0154211070739307,0.00831256339465613,0.0143541700193787,0.0559712125775831,0.00696872739806139,0.000440454625826421,0.0250939141565598,0.000313070974217824,0.00768732955915446,-0.0388303320288516,-0.0349991308740909
2020-08-31,0.0740600203,0.00674224309350564,-0.0109290188714321,-0.00626841305005846,-0.0010891633090006,-0.023292602950861,-0.00932373527534782,-0.0118602992313625,-0.00613129916320865,0.00123044828019573,-0.00718778247234288,0.000742927124720887,0.00621067462637697,0.00115478714693584
2020-09-30,-0.036181905,-0.00882551343653121,-0.0091187497668582,-0.0174532012891385,0.00783835039395825,-0.00240258747860471,0.0227867859303737,0.0023997584814704,-0.00576393195170001,0.00637128307088265,-0.00322294024096165,-0.0089408402182676,-0.0212523753162552,-0.0243119592552378
2020-10-31,-0.020967907,0.000190777422138662,0.00648286128269642,0.00534139530697127,-0.00493984405260161,-0.002232049712846,-0.0251349620814985,-0.00833207059651573,-0.00208909508389441,-0.0156028867740415,-0.000503108717244744,0.00561251547464515,0.0226374353204289,0.0162229662041586
2020-11-30,0.128106684,0.0320397995822237,-0.00986315416364096,0.0280927709861856,0.0140418779347946,-0.0941414706972796,-0.0621000112592826,-0.0406518396680396,-0.0852614681605449,-0.0682082297853421,-0.0060591788206281,-0.0115831883870454,0.0622865279565987,0.00401976573595041
2020-12-31,0.0463455881,0.00798027327505982,0.00242256323867573,-0.00470529209754576,0.0174397727822377,-0.0289685360538328,-0.00644499582689991,-0.00550397065827469,-0.0302413138657757,-0.0160755328764291,-0.00030551539387484,-0.0122995437032495,0.041585165214039,-0.0136720198870082
2021-01-31,-0.001159315,0.0050263686267447,0.0150675843340823,0.00674375188933626,0.0266156530245052,-0.0642101636131154,0.0196314317348329,0.0107509934966122,-0.0560806798358562,-0.0146022398002076,0.0104987349294269,-0.0246809480589268,0.0540978443345096,-0.0184396622875703
2021-02-28,0.0299802236,0.00748332253463474,-0.000370670215233103,0.0480159308516661,-0.0292414164744604,-0.0251158734983164,0.0209521325334528,-0.0498585405424785,-0.0201899326067849,-0.0549712723114247,-0.00106615913328039,0.0071896152123524,0.0419378731750263,0.0466303601320588
2021-03-31,0.0307511502,-0.0031935232883767,0.00147801046042926,0.0455629186183612,-0.081624471699553,0.0638193897059549,-0.038151923902408,-0.00440298230387583,0.0792330319314432,0.0165319248506536,0.00298254121476303,0.0329176182598164,-0.0167343770216287,0.104356872974993
2021-04-30,0.0487180265,-5.52299605853923e-05,-0.00123364978634952,-0.00837758516530384,-0.0113208018802334,0.0270424202215082,-0.00491759597244492,0.00297338682285142,0.0222864921130415,0.010403221772846,-0.00083636555636388,0.00631829619441516,-0.030048493594387,0.0121546564477435
2021-05-31,0.0062111246,0.00611695027639337,0.00487364949814201,0.036287154994686,-0.032453573966591,0.010356856834467,0.0208066429647247,-0.00964710175781545,0.0204937625777915,-0.00684367019112916,0.000330894035819264,0.00227311715217797,0.0113774997072815,0.0477534167227831
2021-06-30,0.0245209791,0.00846565989004883,0.0030684952198758,-0.0356176596395812,0.060711034134936,-0.0458566604181006,-0.0266808946282418,0.0106925439137136,-0.0396918070876232,0.0150981280127734,-0.00067006035475032,0.00752589238065565,-0.000551415797511108,-0.0714208045063003
2021-07-31,0.0119520303,-0.00742756408513947,-0.00780878686809848,-0.0249892269361201,-0.0239231057236526,0.0657419894320775,-0.00634139607415198,0.0137415301904652,0.073109412000044,0.0467025061777796,-0.00711227787160865,0.0150434261609333,-0.048064499495554,0.0271422017584591
2021-08-31,0.0284711863,0.00276418310172188,0.00569665931894231,-0.00652762702100559,0.00965350810916905,-0.00770522355873567,0.016211031169919,0.00442430249136033,-0.0031849657908742,-0.0060799720303408,-0.0017601434509826,-0.005340577671275,0.000308842538571671,-0.00669335348447367
2021-09-30,-0.042877947,0.00183392333358024,0.00409999661479341,0.0220629055367259,-0.0142318234445317,-0.00677005482646645,0.00135848679203298,-0.0113622563529594,-0.0133929395140123,-0.0246867707494605,0.00262775005137791,-0.00503342323671678,0.012361352464384,0.0187960061664652
2021-10-31,0.0669455705,-0.00639962686145216,-0.00177864008881098,-0.0201958860399896,0.00217539273239855,0.000501051645898997,0.0254791368897264,0.00543434880020904,0.0144593427669521,0.016720514445089,-0.000662211595384542,0.00137846175531321,-0.0307160930340487,-0.00779935277748963
2021-11-30,-0.018537786,-0.00646163271141096,0.0067452302085266,0.00789220051037484,-0.0206200831314502,0.0274389334545414,0.0214601068425548,0.00801604179489224,0.0578551679383697,0.0387184934292253,-0.000399028860495431,-0.0029014935014255,-0.015339808618322,0.0387108649286614
2021-12-31,0.0317752805,-0.0129631896820484,-0.00214122555953518,0.0301792727224649,-0.0622199141079389,0.0722199268967758,-0.00686636993517142,-0.00406528039605901,0.0622172735824751,0.0177343773061225,0.00967418408910037,0.00207533298123526,-0.029480176756016,0.0716274241891571
2022-01-31,-0.061779156,-0.00298550667082834,0.0057768541469054,0.0720991234215094,-0.0859890760402356,0.0687622778542665,-0.00710554587382787,-0.0113312421898274,0.0443489156452397,-0.0250130232642279,-0.00329396363855114,-0.0149066212698513,-0.0154708600624131,0.114037281607937
2022-02-28,-0.02213425,-0.0034445768543306,0.0042123671851656,0.0132024019720756,-0.0149071314705843,-0.0130112433109401,0.0119580968436818,0.0120227739192984,-0.00388720438575137,-0.00932544505135697,0.0119798828030838,-0.0126189596401869,0.00843678680946873,0.0137138752648478
2022-03-31,0.0309965072,0.0159787811418621,-0.00575966794829287,0.00999807811150243,-0.010867893848106,0.0128057690666629,0.0297471832863178,0.00480433796871306,0.00339200175332542,-0.00502705059105021,0.00161518078498772,-0.00808586375031791,-0.00449770129285515,0.00203443044651239
2022-04-30,-0.093700229,0.000361130584729383,0.00435540395220814,0.0419028335597967,-0.0680345114076529,0.0733806657659536,0.0537807883323767,-0.00204993125327536,0.0507699732618299,0.0160277693894429,0.0106393331705854,0.0150863664441622,-0.0203289710216713,0.0696520475711915
2022-05-31,-0.002176917,-0.0205564694149266,0.000177832580929835,0.0219078635729747,-0.0452983198425317,0.0278930522065587,0.0296104793672571,0.0173084257248529,0.058866310761309,0.0116964949741135,0.00109675860732838,0.00523402166221356,-0.0202271964548532,0.0672666967221915
2022-06-30,-0.086460612,0.0054910935090677,-0.00331756425033464,0.00947406006121671,0.0100840397377035,0.0525308306794998,0.0116954984469486,-0.0216671140562493,-0.0109406063907336,-0.00284546137534871,0.00336078595306725,-0.000844046383037249,0.00768698673411527,-0.0212316650938316
2022-07-31,0.0928301176,-0.0145977817148891,-0.00591102621325142,-0.0399315692100946,0.022926832683859,-0.0500815039704223,-0.0462452743548533,0.00829888952267719,0.00406107696520515,0.014783236772345,-0.00479110670077075,0.0157183379991764,-0.0153781411331129,-0.0242042942836207
2022-08-31,-0.038088172,0.01744954264568,0.00208730859841443,0.00272564420676529,0.00620653176283431,-0.0178775011267597,0.0243605897876976,0.00844904059516677,-0.0338417197451576,-0.0275374859091083,0.00236137786853339,-0.00240840688603129,0.0158839661139044,-0.0146413857535342
2022-09-30,-0.093269639,0.00673434143095608,0.0067802912453412,0.00727166627510593,0.00593234852927888,0.0276852606939962,0.0308647078388568,-0.000219422936239491,0.0061992893135175,0.00374752021309355,-0.000748706806636006,-0.0039875219258185,0.000576221462591006,-0.0039661745147112
2022-10-31,0.0790502484,-0.00977684362845999,0.015112251486884,0.026484709483324,-0.0364767017886921,0.00639934539135107,0.0297029865436671,0.0137701053498896,0.0374409355421406,0.0120177015320528,0.000950663364720831,0.00429113222708032,-0.0187663288271101,0.052091291191471
2022-11-30,0.0484289451,-0.0193563562463411,0.0039760650562719,0.0145185512492203,-0.0213644807540136,0.0173261829271127,-0.0194422071797039,1.99346440785097e-05,0.0507565939224209,0.0276515078282685,-0.00235516069906529,-0.00118178007247464,-0.0565218314556532,0.0421473861506545
2022-12-31,-0.063079492,0.00135125865047314,0.0049723193898727,0.0241483966312351,-0.0143078597235748,0.0321681557227428,0.0163055127696568,-0.0015507615321401,0.00883778534936359,0.00342175268407802,0.00124899700729477,-0.00537950957814515,-0.00220294280377922,0.0100450001216597
2023-01-31,0.0686698468,2.08068712931978e-05,-0.00719135331819318,-0.0298131714244162,0.0321256271189243,-0.0841411252059057,-0.0894215922013618,-0.0201606739552974,-0.0400341007638788,-0.0134089303150014,-0.00644096459666491,0.00875426827691464,0.0438842919975221,-0.00501491101978701
2023-02-28,-0.02656086,-0.00475402071936861,-0.00092195316375841,-0.00968812236660643,0.00281721156649696,0.00209626255966383,0.0114505694711612,0.00606505072437703,0.00454736305313882,0.00800293240762595,-0.00221836427979977,0.00524473266184788,-0.00528128163068162,-0.00585771558961608
2023-03-31,0.0225058761,0.00410309187721812,-3.28571847106979e-05,-0.0148633550995829,0.0281430465740179,0.00876267789935281,0.0148382282952954,-0.00347907331366121,0.0105454515264228,0.0496420014561057,0.00471541110479046,-0.012161332775682,-0.0377448050736756,-0.0404909136165566
2023-04-30,0.0057498735,0.00310964190560963,-0.00413139307499574,0.0145499123052197,-0.0252964271821227,0.0329516592384826,0.00065898176025874,0.00273841170189529,0.017557144291953,-0.00321611054557398,0.00502162275712618,-0.00257819804707598,-0.0253592615061989,0.0169873735615458
2023-05-31,-9.4125e-05,0.0262987604388912,0.00263302807580073,-0.0297775208844185,0.0604169856088811,-0.0408936022322144,0.011250664411732,-0.000557935393770692,-0.0450723075146052,-0.000793792393339371,0.000252627867151761,0.0206086381005795,0.0374698490339495,-0.0619624904034273
2023-06-30,0.0650172469,-0.01613467599436,-0.00683721122868465,-0.00994483106866034,-0.0130504939936614,-0.0194546389274195,0.000448538448356878,-0.00220565100820199,0.0209819085968082,0.0159391003312747,-0.00984004529166097,-0.00722080286250497,-0.0108819039561711,0.0220256062019732
2023-07-31,0.0321466175,0.00900295607506347,-0.00390111443519845,-0.00364543124532877,0.00966831781705778,-0.0407220516594192,-0.0332841820391845,0.00544702246803607,-0.0138590913527002,-0.0125756386453101,-0.00152225167782837,-0.00967989442631889,0.0250090407161725,0.0188250061630566
2023-08-31,-0.024497287,-0.0161349404676949,0.0092782124708731,0.00956660631636494,-0.00934839127398243,0.0349894274951431,0.019020496981864,0.00498733280368693,0.0385721729971197,0.0321378074291603,0.000158466787003245,0.0165394816524281,-0.0322159201936284,0.0142886208726124
2023-09-30,-0.052473131,-0.00135911843526946,0.0100671893291027,0.00806005337452692,-0.00797847329937125,0.0241131035966301,0.00157532659106405,0.00805021244021618,0.0215266844211173,0.0113387072481404,0.00354144553562145,-0.0126846393052691,-0.0134589035696869,0.0218257404324162
2023-10-31,-0.033871621,0.00198944419049812,0.000992783334801068,0.00754089926311383,-0.0223517393757846,0.041711451389459,0.00251520641516973,0.0075533847269804,0.0279713256093337,0.00831725254231796,0.00540846482006922,-0.00835051957928529,-0.0345230117822962,0.018109226153212
2023-11-30,0.0890420536,0.015842432178964,0.000681807582083802,-0.00444518618431,0.0227473274979151,-0.0312518487158899,0.0115764167035516,0.00859950387658883,-0.0290661009162882,-0.0163417552825869,-0.0060224680083175,0.0253554576909391,0.00205638167061945,-0.0216122962687477
2023-12-31,0.0491597901,0.00474515521215452,-0.00578192313475353,-0.00224992928346449,0.0219719844978072,-0.0606528090733211,-0.0475841206420019,-0.00618282749888111,-0.0449614393928254,-0.0304416789200152,-0.00566427933148682,-0.0196132156522904,0.055932811828859,-0.00989283924095056
